age,annual_income,loan_amount,credit_score,debt_to_income,employment_years,num_open_accounts,delinquencies_2yrs,loan_term_months,home_ownership,default
25,74259.21,18053.52,678,0.419,20,14,0,60,RENT,0
58,40507.78,14573.0,638,0.274,28,3,0,12,OWN,0
53,37924.82,23690.61,734,0.506,30,9,0,48,OWN,0
42,64194.12,10064.16,586,0.42,22,18,1,24,OWN,1
42,74771.06,22889.39,660,0.741,23,3,0,36,OWN,1
63,55805.13,19307.98,686,0.397,9,3,0,12,MORTGAGE,0
25,29272.13,14903.76,618,0.455,9,18,0,24,RENT,0
55,27794.83,12480.51,717,0.394,5,15,0,48,RENT,0
30,26457.27,34413.34,662,0.335,11,9,1,36,RENT,1
25,19647.56,8463.93,713,0.311,25,8,0,36,MORTGAGE,0
46,57189.71,17383.47,666,0.394,37,19,0,60,RENT,0
68,77500.88,8998.25,680,0.428,17,14,0,36,RENT,0
57,54731.68,29284.97,599,0.523,24,18,0,60,OWN,1
58,12000.0,22094.61,600,0.396,34,1,0,48,MORTGAGE,1
56,51184.79,9573.2,748,0.281,27,10,0,36,MORTGAGE,0
59,51744.02,19100.76,701,0.301,10,14,0,24,MORTGAGE,0
46,96919.98,17061.57,568,0.152,11,0,1,24,MORTGAGE,1
27,25857.24,10867.0,664,0.599,25,10,1,60,MORTGAGE,1
62,47186.45,21065.31,460,0.269,11,1,0,24,MORTGAGE,1
43,89117.05,18114.44,604,0.495,9,18,0,48,RENT,1
45,63999.57,16725.59,727,0.391,23,13,0,12,OWN,0
39,66266.26,14664.64,640,0.396,25,3,3,24,OWN,0
29,57291.69,18448.44,659,0.332,10,10,1,60,OWN,0
66,61598.87,16835.1,409,0.232,1,2,1,36,MORTGAGE,1
59,70552.19,15472.75,619,0.205,30,16,1,60,MORTGAGE,1
52,38810.27,9871.87,677,0.609,15,3,0,24,OWN,0
40,72561.17,28550.13,687,0.367,25,12,2,48,RENT,0
61,27539.94,6596.64,727,0.519,6,1,0,60,OWN,0
47,61567.36,18421.09,633,0.558,12,3,0,60,RENT,1
42,58574.82,12438.07,637,0.288,24,19,1,36,OWN,0
43,42674.14,29076.38,543,0.414,4,7,1,48,RENT,1
32,54546.29,7772.14,634,0.357,12,2,0,60,RENT,0
25,42549.2,9117.89,549,0.176,28,13,1,60,RENT,1
48,33565.97,7241.46,502,0.322,30,4,2,60,OWN,1
64,47927.71,17587.72,563,0.438,14,11,0,12,RENT,1
24,32920.23,4015.59,771,0.275,4,16,0,36,RENT,0
63,61455.95,11171.77,628,0.301,1,13,0,48,RENT,0
61,31998.29,1000.0,668,0.324,22,4,1,48,OWN,0
34,69239.54,16923.37,609,0.667,27,4,0,12,OWN,1
51,31370.42,10998.28,507,0.075,23,4,0,36,OWN,1
29,43674.1,3095.55,725,0.425,16,12,0,12,OWN,0
58,42507.93,23684.88,476,0.312,0,13,1,12,RENT,1
55,81502.93,4538.66,606,0.254,9,10,0,12,MORTGAGE,0
38,61605.8,21375.55,646,0.308,1,7,0,60,RENT,0
24,50765.32,9391.67,668,0.45,18,1,0,24,RENT,1
68,64974.39,27812.57,592,0.459,12,16,0,36,MORTGAGE,1
42,12856.15,20996.4,503,0.378,2,13,1,24,OWN,1
64,54137.33,6935.62,586,0.514,24,12,0,60,OWN,1
54,94950.28,7663.34,590,0.54,14,2,0,60,OWN,0
59,57646.93,19844.2,588,0.472,38,5,1,48,OWN,0
58,56358.26,12900.97,728,0.268,16,6,0,60,MORTGAGE,0
30,65962.57,13645.26,553,0.424,3,11,1,12,MORTGAGE,1
38,72912.1,25177.91,674,0.425,28,15,1,60,RENT,0
43,15050.67,9010.49,663,0.228,28,17,1,36,OWN,0
45,21353.47,15730.35,727,0.115,37,10,0,36,MORTGAGE,0
23,59205.83,22637.02,639,0.047,27,7,1,12,OWN,0
47,40702.47,21472.94,713,0.36,14,8,0,60,OWN,0
28,81240.51,13723.1,636,0.395,26,14,0,12,OWN,0
57,48696.51,12688.75,685,0.173,31,6,0,60,OWN,0
54,16309.39,1089.48,530,0.507,20,8,0,48,RENT,1
66,29639.72,6550.04,439,0.373,31,15,1,48,MORTGAGE,1
57,12000.0,17546.87,680,0.552,38,10,0,12,OWN,0
38,50317.49,13896.94,684,0.406,30,9,1,48,OWN,0
68,51232.32,15599.42,688,0.19,20,14,0,60,RENT,0
41,46510.75,23314.03,608,0.419,19,5,0,24,MORTGAGE,0
36,76577.58,5501.42,769,0.451,33,1,0,36,MORTGAGE,0
65,78970.4,13110.56,613,0.268,34,15,0,12,MORTGAGE,1
39,51592.23,16509.69,684,0.134,10,9,0,36,OWN,0
24,12306.13,9366.72,698,0.365,0,6,0,48,OWN,0
44,67345.63,26451.82,787,0.2,32,1,0,24,RENT,0
59,66107.2,22268.69,625,0.518,9,18,0,48,RENT,1
30,61187.83,17321.07,598,0.289,39,14,0,12,OWN,0
43,74629.59,29353.85,530,0.609,1,5,0,48,RENT,1
27,31703.44,3008.84,774,0.031,36,12,0,36,RENT,0
54,95175.11,14938.19,684,0.37,27,9,1,24,MORTGAGE,0
44,35811.44,17930.7,686,0.564,12,6,0,24,OWN,1
37,69984.46,7683.56,850,0.216,1,6,1,24,MORTGAGE,0
32,21253.05,17405.72,676,0.326,33,1,0,48,MORTGAGE,1
48,36394.71,6147.34,546,0.29,4,19,0,48,RENT,1
53,85327.37,20524.46,634,0.247,3,18,0,36,MORTGAGE,0
67,49782.0,23462.68,572,0.387,31,17,0,12,OWN,1
42,71798.45,17178.67,618,0.156,27,6,1,24,MORTGAGE,0
28,59739.11,1000.0,618,0.333,5,19,2,60,RENT,1
61,52900.84,7265.65,603,0.427,13,5,0,36,OWN,1
51,82277.01,19517.68,539,0.318,26,16,0,36,OWN,0
55,50266.82,15169.59,777,0.2,26,2,0,24,OWN,0
25,19385.24,1000.0,674,0.505,14,6,1,60,OWN,1
36,38935.2,24942.64,632,0.46,16,11,0,24,RENT,1
58,66023.83,16093.25,711,0.194,3,19,0,48,RENT,0
61,62910.18,8447.4,688,0.156,0,5,1,48,OWN,0
42,23658.83,22959.64,672,0.207,38,8,1,24,OWN,0
60,40513.15,9579.68,705,0.432,9,16,0,12,OWN,1
62,43365.57,9492.38,661,0.391,37,9,0,24,OWN,0
39,47690.61,17866.82,704,0.469,1,13,1,24,RENT,0
65,27481.73,29248.31,710,0.301,39,8,0,48,MORTGAGE,0
35,42432.58,27988.7,663,0.211,17,0,0,36,RENT,0
32,40427.79,17877.69,632,0.488,32,5,0,36,MORTGAGE,1
54,70430.67,18699.09,772,0.267,33,11,0,36,RENT,0
52,71182.43,21331.99,612,0.378,14,0,0,60,MORTGAGE,1
27,52083.79,4944.13,681,0.118,29,4,0,60,RENT,0
61,47159.2,20153.19,683,0.265,13,19,1,12,MORTGAGE,0
30,57798.49,9127.41,601,0.501,31,0,1,60,RENT,1
60,38668.5,17547.82,585,0.243,38,4,2,24,OWN,1
21,32063.36,13180.26,622,0.472,32,12,0,48,OWN,0
60,36195.58,19009.67,611,0.0,29,11,0,60,RENT,0
59,42303.74,15944.83,533,0.266,14,4,1,36,OWN,0
59,31730.52,1000.0,598,0.324,4,1,0,48,RENT,1
53,58241.19,16431.13,671,0.611,20,17,0,36,OWN,0
44,69594.31,20137.22,751,0.175,5,11,0,12,OWN,0
55,23258.03,18567.43,694,0.451,20,11,0,12,RENT,0
34,55502.57,14179.31,442,0.509,34,1,1,24,MORTGAGE,1
59,50601.28,28137.29,701,0.242,4,4,1,60,OWN,1
48,61830.17,17490.99,605,0.294,36,1,1,24,MORTGAGE,0
43,54741.22,18501.39,686,0.371,23,19,0,36,MORTGAGE,1
45,25928.01,23355.94,649,0.128,1,15,4,36,RENT,1
48,29752.21,17900.74,635,0.282,28,10,0,24,RENT,1
22,55588.47,7815.86,642,0.541,0,13,0,36,MORTGAGE,1
27,75575.62,1000.0,648,0.428,24,3,3,48,RENT,0
33,12000.0,11183.03,758,0.326,20,19,0,60,RENT,0
26,61914.53,21087.56,648,0.367,29,10,0,48,OWN,0
42,78792.44,12175.23,737,0.437,15,10,0,60,MORTGAGE,0
53,51939.48,21409.43,725,0.466,4,19,0,36,RENT,1
53,66004.05,16189.83,703,0.267,15,1,1,48,OWN,0
44,40938.62,25304.53,507,0.58,30,8,1,12,OWN,1
62,52612.68,12638.27,739,0.547,38,1,0,12,OWN,0
48,22581.73,18740.92,613,0.452,8,8,1,60,OWN,1
24,12000.0,19047.08,707,0.224,14,5,1,48,RENT,0
58,73855.32,27012.81,572,0.197,35,9,0,12,OWN,0
49,35300.1,1346.9,555,0.301,12,14,0,36,RENT,1
52,45889.44,11332.73,808,0.359,9,5,0,60,MORTGAGE,0
48,27271.15,21788.13,573,0.085,33,1,2,12,RENT,0
48,26800.61,27367.17,742,0.424,19,3,0,36,MORTGAGE,0
25,51523.25,16920.57,659,0.543,23,14,1,60,RENT,0
48,40408.46,12658.37,616,0.436,19,11,0,60,OWN,1
59,62559.42,21056.95,646,0.249,24,19,2,24,RENT,0
35,64050.77,21949.62,546,0.231,10,17,1,60,OWN,1
50,61416.99,12122.71,649,0.395,29,3,0,48,MORTGAGE,0
22,59772.02,17642.46,563,0.327,14,14,0,36,MORTGAGE,1
38,86555.36,24444.22,618,0.416,20,1,0,48,MORTGAGE,0
42,33648.12,30123.67,724,0.44,7,1,0,60,OWN,0
69,53901.3,20940.84,670,0.514,0,15,0,24,OWN,1
31,77653.8,15353.11,531,0.18,22,8,0,12,MORTGAGE,1
34,80290.8,14567.4,718,0.383,5,19,0,48,MORTGAGE,0
41,26564.73,19459.17,649,0.295,36,0,1,12,MORTGAGE,0
69,48752.89,14074.62,607,0.335,38,10,0,48,RENT,0
62,82162.42,16517.12,710,0.48,12,6,0,24,RENT,0
22,65161.58,6536.99,637,0.496,11,19,1,48,RENT,0
32,58905.26,25376.46,557,0.56,20,13,0,48,RENT,1
61,50646.31,5878.52,798,0.414,8,15,2,12,MORTGAGE,0
23,47323.98,11543.11,649,0.333,34,5,0,12,RENT,0
62,60764.38,15780.75,643,0.312,4,17,0,48,MORTGAGE,0
34,49952.52,30927.9,618,0.09,18,16,0,36,MORTGAGE,0
65,54148.43,11618.54,744,0.551,7,15,0,12,OWN,0
35,56571.97,9671.87,608,0.302,33,9,1,60,RENT,0
42,41438.57,10593.46,526,0.426,5,18,0,24,RENT,1
53,65642.59,28271.18,596,0.452,17,13,1,60,MORTGAGE,1
27,113284.89,1000.0,756,0.163,33,1,0,12,MORTGAGE,0
48,19460.27,6978.1,717,0.211,17,17,0,24,OWN,0
45,61480.25,36850.31,630,0.582,7,0,0,36,OWN,1
59,39796.2,19727.06,760,0.394,6,13,0,36,MORTGAGE,0
69,66548.05,6152.12,710,0.263,24,4,1,48,MORTGAGE,0
53,55931.15,14664.66,629,0.331,4,17,1,12,MORTGAGE,1
41,70237.1,15539.64,637,0.513,14,14,1,24,RENT,0
40,78510.13,21769.0,676,0.49,24,16,0,24,RENT,0
41,58848.42,29716.02,583,0.13,15,13,0,36,OWN,1
60,77641.05,18108.41,650,0.595,33,11,0,60,OWN,1
36,12000.0,10681.69,675,0.495,27,17,0,36,OWN,0
29,86809.05,21296.68,515,0.327,5,5,0,60,OWN,1
37,62501.24,9413.98,635,0.171,32,10,1,24,MORTGAGE,0
22,76556.87,6733.3,626,0.508,36,5,0,24,MORTGAGE,0
26,30602.49,1000.0,732,0.421,8,2,1,12,MORTGAGE,0
25,38384.6,2478.97,502,0.131,14,17,0,24,MORTGAGE,1
58,57918.77,7828.44,619,0.315,15,9,1,24,OWN,1
56,54659.24,5577.68,611,0.819,17,1,0,24,OWN,1
55,60661.37,17505.89,727,0.352,18,16,0,48,OWN,0
43,76690.3,5404.79,647,0.239,35,18,0,36,MORTGAGE,0
56,19695.59,1000.0,794,0.199,26,13,0,48,MORTGAGE,0
28,74476.38,6648.71,703,0.616,35,6,2,12,OWN,0
65,55165.64,11225.12,617,0.477,14,17,0,60,MORTGAGE,1
45,50924.36,10156.4,669,0.561,20,14,1,12,RENT,0
66,25577.7,27156.2,622,0.387,4,5,1,12,OWN,1
28,65060.97,10091.66,719,0.538,11,6,0,36,MORTGAGE,0
45,12000.0,22047.39,543,0.223,23,19,2,48,MORTGAGE,1
55,67967.88,14848.14,584,0.374,6,19,1,24,OWN,1
45,25157.88,14661.56,686,0.393,38,13,0,12,RENT,0
42,56069.16,8316.96,748,0.557,10,0,0,60,MORTGAGE,0
29,52616.62,14529.74,474,0.398,6,4,0,60,MORTGAGE,1
39,78390.76,8879.23,760,0.256,31,7,1,48,OWN,0
32,51426.9,16360.19,639,0.36,3,10,0,24,MORTGAGE,1
35,41117.23,13110.0,499,0.099,12,17,0,36,OWN,0
54,44867.95,7442.98,410,0.002,7,16,2,48,OWN,1
51,80457.66,22935.15,528,0.475,27,5,0,36,RENT,1
50,65725.94,18414.72,648,0.294,33,2,1,12,OWN,0
38,47287.4,11415.5,645,0.311,7,5,1,60,OWN,1
68,50271.07,16163.94,701,0.475,16,4,1,60,OWN,0
25,23656.46,14329.42,606,0.56,19,17,0,12,RENT,0
37,62769.48,8059.27,561,0.43,27,0,0,48,OWN,1
26,19803.69,15563.97,617,0.639,14,16,0,60,MORTGAGE,1
37,70035.93,10031.91,653,0.425,20,13,0,36,MORTGAGE,0
68,57572.43,7440.53,668,0.395,20,2,1,12,RENT,0
38,102739.04,2017.86,587,0.386,0,13,0,48,OWN,1
65,32997.29,12131.14,722,0.157,22,11,0,60,RENT,0
45,52946.76,19535.77,600,0.493,22,0,0,24,MORTGAGE,1
55,90965.75,9442.73,580,0.0,39,4,0,12,OWN,1
43,78827.79,35165.67,607,0.262,20,6,0,24,MORTGAGE,0
34,41075.76,22085.49,736,0.353,35,4,1,60,OWN,0
58,59479.35,25434.64,639,0.232,13,11,0,36,RENT,0
68,55039.99,21361.94,594,0.282,27,12,1,12,OWN,0
33,60639.12,29822.92,724,0.626,36,3,0,36,OWN,0
59,41026.39,8703.98,821,0.516,6,2,2,60,MORTGAGE,0
33,53213.59,1000.0,667,0.247,22,13,0,12,MORTGAGE,0
56,23038.95,11431.0,749,0.28,36,9,0,36,MORTGAGE,0
59,57702.47,19465.75,733,0.158,22,5,0,24,MORTGAGE,0
43,64000.41,16212.14,602,0.456,35,5,1,12,OWN,0
57,50451.61,17203.78,652,0.313,16,0,1,36,OWN,0
34,22698.98,25567.28,547,0.055,35,17,0,48,OWN,1
24,74770.64,18056.46,634,0.365,25,16,1,48,OWN,0
25,62290.5,21391.3,600,0.416,19,11,0,12,RENT,1
42,40479.7,7483.5,618,0.494,8,6,0,12,MORTGAGE,1
65,49387.99,6236.85,590,0.339,6,4,2,36,OWN,1
27,24986.61,27912.91,627,0.294,11,6,0,24,OWN,1
43,34491.8,15807.21,693,0.648,30,18,2,24,MORTGAGE,0
55,44243.77,10014.17,640,0.351,18,1,0,36,OWN,1
30,79568.42,10028.84,501,0.458,15,16,1,48,OWN,1
56,42209.93,9807.02,590,0.269,18,6,0,36,OWN,0
35,67804.27,9328.33,528,0.453,13,5,0,60,MORTGAGE,1
60,44233.68,4734.82,670,0.132,32,16,0,12,RENT,0
49,59958.95,2996.64,690,0.281,15,19,1,36,RENT,0
47,52172.09,13439.96,671,0.169,18,19,1,36,RENT,0
29,72461.13,10256.59,587,0.259,22,5,1,48,MORTGAGE,0
43,44303.77,23857.27,670,0.538,25,11,0,36,RENT,0
62,23549.43,17344.61,612,0.258,13,5,2,60,MORTGAGE,1
21,27361.02,17122.54,559,0.458,2,3,0,60,MORTGAGE,1
58,44362.45,9055.04,709,0.578,27,7,0,48,MORTGAGE,0
45,30018.8,14031.77,715,0.346,22,1,1,24,RENT,0
56,63204.24,17888.01,726,0.499,25,3,1,24,OWN,0
53,45684.64,20729.57,601,0.43,21,11,1,36,OWN,0
42,102492.13,14248.87,744,0.367,20,13,0,36,RENT,0
36,20245.71,23632.99,611,0.463,37,5,1,12,RENT,1
51,59072.66,15063.91,702,0.626,2,11,1,24,MORTGAGE,1
27,32440.94,21342.78,609,0.254,3,15,0,60,OWN,0
49,45131.97,11081.18,632,0.206,37,17,1,36,OWN,0
25,57828.39,1000.0,456,0.197,35,11,0,60,MORTGAGE,1
52,12000.0,17146.87,626,0.499,16,4,0,24,OWN,1
51,59736.52,20802.59,657,0.519,21,14,0,60,MORTGAGE,0
25,93058.15,19602.78,617,0.269,17,3,1,60,RENT,0
58,45931.23,18377.49,790,0.03,39,2,0,24,RENT,0
41,60196.16,12211.3,557,0.249,18,7,0,48,RENT,1
59,75498.43,8546.03,605,0.432,30,6,1,60,OWN,0
23,51720.93,19413.83,578,0.34,14,2,1,48,MORTGAGE,1
29,43380.8,18411.58,605,0.377,15,1,0,60,OWN,1
45,12000.0,10512.81,733,0.271,26,18,0,12,RENT,0
30,67819.81,23875.39,768,0.502,15,13,1,12,RENT,0
37,52736.63,7937.08,594,0.401,0,14,0,12,OWN,1
53,34746.32,10331.81,592,0.438,6,1,0,24,RENT,1
28,57531.93,28091.4,557,0.374,34,15,1,48,RENT,1
54,43326.39,21948.66,755,0.429,14,7,0,60,RENT,0
26,44431.48,12135.93,740,0.419,4,14,2,36,OWN,1
29,67125.82,17299.05,642,0.211,37,9,1,36,MORTGAGE,0
49,28232.35,16238.34,538,0.406,39,4,0,60,MORTGAGE,1
59,75946.31,1000.0,545,0.469,19,5,0,36,RENT,1
29,27046.28,7748.21,664,0.523,25,2,1,36,MORTGAGE,1
35,41745.97,14593.23,694,0.412,30,16,0,12,OWN,0
66,93458.92,12147.11,485,0.205,2,8,0,24,OWN,1
69,77547.1,16976.82,624,0.228,11,15,1,48,MORTGAGE,0
49,56952.08,24035.86,779,0.285,22,16,1,48,RENT,0
42,36189.4,12427.71,633,0.378,21,3,0,36,OWN,0
37,44414.55,6538.76,769,0.332,13,6,0,48,RENT,0
51,56465.51,17598.81,702,0.181,0,2,0,48,OWN,1
49,55750.46,12387.01,563,0.181,38,0,0,12,RENT,0
35,53182.58,13751.49,627,0.035,24,19,0,60,RENT,0
22,54383.35,12665.81,640,0.0,30,13,1,48,OWN,0
28,50712.5,32934.7,574,0.33,17,9,0,24,RENT,1
67,26160.43,1000.0,572,0.698,20,4,1,24,MORTGAGE,1
41,44669.79,11893.33,771,0.62,17,11,1,60,RENT,0
44,73292.48,14970.49,572,0.203,17,10,0,24,RENT,1
43,27633.31,8750.86,736,0.372,26,4,0,12,OWN,0
59,51208.89,22198.61,615,0.13,39,0,0,12,OWN,0
24,38604.92,21506.06,648,0.153,31,9,1,24,OWN,0
25,57227.01,14617.96,695,0.17,26,10,0,48,MORTGAGE,0
34,47227.34,12834.61,602,0.316,0,15,0,36,OWN,1
44,84547.87,14104.35,695,0.323,20,7,0,48,OWN,0
53,65131.66,14161.71,486,0.388,38,1,0,24,MORTGAGE,1
45,28763.94,14373.02,685,0.449,15,17,0,24,OWN,1
42,68424.56,13496.01,453,0.299,21,8,0,36,RENT,1
66,39506.96,17019.59,632,0.355,12,14,1,48,OWN,1
28,43460.07,21025.7,718,0.186,7,0,0,36,MORTGAGE,0
49,61276.38,5157.92,700,0.148,28,0,0,48,RENT,0
47,45165.05,6594.69,546,0.125,12,0,2,12,MORTGAGE,1
44,72857.12,1011.86,556,0.447,23,15,0,36,OWN,1
60,39509.8,21931.18,595,0.299,23,4,0,36,RENT,1
34,42621.07,17002.59,665,0.069,33,15,0,12,OWN,0
67,41872.58,19042.14,487,0.341,37,18,2,24,OWN,1
37,43687.23,3564.01,649,0.163,22,13,1,24,MORTGAGE,1
47,76983.83,29279.58,675,0.599,2,19,1,36,RENT,1
46,67575.93,10129.19,627,0.263,23,18,0,12,RENT,0
62,89198.88,16345.65,692,0.452,35,14,1,24,RENT,0
42,100352.88,21835.08,668,0.513,19,16,0,60,OWN,0
34,34385.66,7104.16,607,0.207,22,12,0,12,MORTGAGE,0
22,56408.38,10629.41,495,0.361,30,4,1,60,MORTGAGE,1
38,31475.99,16433.37,661,0.433,17,2,0,36,OWN,0
61,39447.88,37859.78,574,0.367,16,7,1,12,OWN,1
21,42398.35,17409.0,604,0.404,19,9,0,36,OWN,1
64,33856.9,27850.89,688,0.151,34,6,0,36,RENT,0
47,33962.25,24645.39,763,0.433,19,2,1,24,OWN,0
27,52114.31,17944.08,647,0.277,13,10,0,24,MORTGAGE,0
35,30665.63,7086.43,694,0.402,23,9,0,48,OWN,0
48,71842.54,23478.03,534,0.488,27,19,2,12,RENT,1
36,36644.93,3015.12,670,0.45,36,19,2,60,RENT,0
26,111191.38,27807.0,645,0.402,35,12,0,24,MORTGAGE,0
53,45972.31,16600.04,748,0.446,31,17,0,24,MORTGAGE,0
53,56440.35,1000.0,607,0.453,30,6,1,12,RENT,0
26,29093.18,12275.95,631,0.574,17,19,0,60,OWN,1
34,89121.84,20231.58,735,0.345,13,18,0,24,MORTGAGE,0
32,77390.01,13103.81,643,0.375,22,2,0,60,RENT,0
53,60938.32,20720.05,561,0.49,28,14,0,24,RENT,1
56,28063.95,8199.81,850,0.276,20,9,0,12,OWN,0
56,59213.34,4552.14,564,0.15,8,5,0,36,OWN,1
66,32571.38,14428.44,645,0.424,0,8,1,36,OWN,0
58,84247.11,15252.53,678,0.319,2,18,0,36,MORTGAGE,0
36,71183.89,12212.93,671,0.169,17,18,0,60,MORTGAGE,0
26,56908.78,24818.33,635,0.425,31,6,0,36,OWN,0
51,12000.0,8198.34,635,0.565,31,9,1,48,RENT,1
65,35331.68,17505.32,631,0.106,32,10,2,24,RENT,1
68,68755.22,15543.76,561,0.503,28,14,1,12,RENT,1
32,79257.67,2546.27,822,0.0,0,9,0,36,RENT,0
32,77183.4,4447.76,632,0.29,35,7,0,36,OWN,0
22,23159.74,15095.29,698,0.626,37,18,0,36,RENT,0
27,61031.05,30849.6,623,0.301,33,7,1,48,OWN,1
48,75310.3,19634.16,622,0.363,17,5,0,60,RENT,0
47,21833.29,1194.92,614,0.464,8,6,0,12,MORTGAGE,1
39,54841.91,1000.0,526,0.093,36,6,0,12,OWN,0
36,60476.85,20864.43,637,0.361,7,11,1,24,MORTGAGE,1
61,48984.71,14230.29,617,0.36,31,13,0,36,OWN,1
43,17956.76,24130.13,744,0.629,38,2,0,12,RENT,0
60,48486.04,7954.26,554,0.165,36,17,1,12,MORTGAGE,0
68,48453.89,17801.7,604,0.293,20,5,0,36,RENT,1
36,52038.55,21769.39,578,0.211,33,2,0,24,MORTGAGE,0
30,43730.57,11420.29,765,0.195,33,13,0,60,MORTGAGE,0
67,46139.76,11591.32,580,0.519,38,4,0,36,MORTGAGE,0
52,54205.87,15202.1,695,0.354,14,15,0,60,OWN,0
35,63849.09,19341.41,728,0.267,25,18,0,48,OWN,0
51,48911.46,14885.33,638,0.272,32,13,1,36,OWN,0
46,46807.02,22791.97,540,0.266,9,15,0,60,OWN,1
65,56847.08,11304.52,541,0.279,9,9,0,60,MORTGAGE,1
33,16581.68,4372.84,719,0.16,15,6,0,36,OWN,0
69,64540.7,30815.8,549,0.311,14,12,2,60,RENT,1
66,54988.74,10162.93,681,0.296,30,7,1,24,OWN,0
29,55793.87,10452.46,659,0.236,37,17,0,24,MORTGAGE,0
29,74214.69,14473.57,680,0.373,6,9,1,48,RENT,0
47,15943.69,15537.45,688,0.386,13,9,0,48,OWN,1
23,15523.32,11906.53,575,0.267,37,13,0,24,MORTGAGE,1
35,60476.08,14860.53,572,0.328,23,3,0,48,RENT,1
42,54857.66,14681.9,707,0.674,8,11,1,36,MORTGAGE,1
68,58403.54,16398.55,600,0.668,24,15,0,36,MORTGAGE,1
69,45757.46,1000.0,430,0.192,35,15,1,60,RENT,1
28,68287.07,30047.01,702,0.213,14,4,0,12,MORTGAGE,0
64,73652.78,13821.69,567,0.191,19,1,0,36,OWN,0
25,64679.65,19644.98,687,0.509,24,3,0,24,RENT,0
57,49783.43,3975.19,761,0.29,33,16,0,36,RENT,0
62,12846.21,11232.0,651,0.386,22,5,0,12,RENT,0
64,70384.72,9621.47,730,0.65,38,1,0,12,OWN,0
31,79434.57,26757.79,662,0.348,30,11,0,48,RENT,0
64,67891.17,10313.49,777,0.456,16,17,2,12,OWN,0
26,37407.15,21064.64,565,0.428,19,4,3,36,MORTGAGE,1
46,68475.89,9796.64,649,0.262,27,0,0,60,MORTGAGE,0
44,72210.59,11379.05,704,0.509,2,2,0,60,MORTGAGE,0
36,86176.32,13035.6,635,0.223,9,2,1,12,OWN,0
22,37477.8,25270.76,742,0.551,9,4,1,60,MORTGAGE,0
58,50470.91,1000.0,615,0.262,32,3,0,24,OWN,0
37,69945.44,4474.69,816,0.278,32,12,0,12,RENT,0
53,56148.2,1000.0,820,0.187,32,4,1,36,MORTGAGE,0
41,32653.45,6299.98,673,0.211,4,10,2,36,RENT,1
39,63292.33,8507.2,694,0.286,11,8,0,24,MORTGAGE,0
64,66573.23,2084.15,745,0.0,12,13,0,36,OWN,0
25,56759.26,9126.82,555,0.315,0,13,1,12,MORTGAGE,1
57,59391.7,1000.0,545,0.274,10,11,0,24,RENT,0
57,49825.88,6856.09,751,0.469,17,17,0,12,OWN,0
39,84565.58,24603.36,672,0.413,35,3,0,60,OWN,0
33,36986.16,18228.7,632,0.244,6,10,0,36,OWN,0
21,43253.58,16499.74,651,0.281,34,7,0,36,OWN,0
66,55219.71,6977.77,459,0.315,32,10,1,36,OWN,1
67,72579.08,2711.32,635,0.573,6,2,2,60,MORTGAGE,1
32,25052.54,5886.75,590,0.227,10,6,0,48,MORTGAGE,0
22,28794.07,14654.32,723,0.242,18,18,0,48,RENT,0
27,14245.43,21945.41,730,0.181,37,16,0,24,MORTGAGE,0
24,55653.9,22218.94,696,0.128,31,8,0,24,OWN,0
61,32633.88,20044.9,682,0.396,38,2,0,60,OWN,0
64,47309.0,9099.55,530,0.38,12,12,0,60,RENT,1
28,68227.56,15196.4,697,0.542,36,6,0,24,MORTGAGE,0
57,42169.15,12429.26,700,0.506,38,6,0,24,MORTGAGE,0
29,59625.64,13390.48,750,0.71,23,1,0,24,RENT,0
38,49013.24,31297.02,819,0.339,6,5,0,48,MORTGAGE,0
50,68442.29,1000.0,515,0.311,10,4,0,60,RENT,1
56,64502.56,13122.59,619,0.155,5,0,0,60,MORTGAGE,0
63,41161.33,24693.99,591,0.454,32,11,0,60,RENT,1
23,51626.96,3272.87,664,0.368,12,19,0,24,OWN,0
30,75874.87,9850.02,651,0.448,28,2,0,24,RENT,0
34,62867.54,10767.69,631,0.179,10,1,0,60,MORTGAGE,0
36,27060.76,13213.68,732,0.403,39,2,0,24,OWN,0
69,68112.36,2232.34,562,0.381,30,10,1,24,MORTGAGE,1
59,33307.79,19762.29,567,0.371,15,16,0,60,OWN,1
36,83250.26,20330.3,568,0.248,19,6,0,36,RENT,0
68,75481.98,19067.0,621,0.528,2,2,2,12,MORTGAGE,1
45,60797.71,8037.01,552,0.658,5,1,0,60,RENT,1
45,58144.66,15692.09,646,0.183,39,12,0,24,OWN,0
42,50819.35,7804.48,637,0.458,32,7,1,24,RENT,0
28,68570.48,12339.23,587,0.0,33,7,1,36,RENT,0
66,47584.44,32227.74,720,0.45,25,4,0,24,OWN,0
21,59711.4,15765.56,645,0.069,8,17,0,60,MORTGAGE,0
29,72438.69,5499.79,735,0.271,4,7,0,48,RENT,0
32,43763.87,16442.68,634,0.153,29,14,0,36,RENT,0
34,42676.15,4185.63,648,0.318,13,14,1,24,MORTGAGE,0
27,31112.69,5407.92,605,0.476,0,1,0,36,RENT,0
21,33710.55,6671.01,649,0.071,0,4,2,24,RENT,0
54,18432.09,11445.52,707,0.296,22,17,1,60,MORTGAGE,0
68,69596.58,22495.75,617,0.273,33,17,1,48,OWN,0
26,91178.29,19627.19,691,0.587,14,8,2,12,RENT,0
35,83506.58,19183.96,585,0.415,39,3,0,36,MORTGAGE,0
45,22478.31,6208.6,711,0.173,15,5,1,48,OWN,0
66,69497.09,10669.49,604,0.279,29,18,0,36,MORTGAGE,0
55,83442.13,17176.01,718,0.583,9,13,1,12,OWN,0
58,45863.8,9973.44,655,0.457,24,1,0,12,OWN,0
49,57028.95,12773.07,772,0.212,10,14,0,48,OWN,0
41,14842.14,18530.87,558,0.31,31,2,0,36,OWN,1
30,60334.72,12209.82,532,0.315,18,6,0,36,OWN,1
63,33728.81,16808.48,601,0.269,1,9,1,24,RENT,1
60,58992.7,27741.83,539,0.093,9,7,2,24,MORTGAGE,1
22,23775.94,13625.13,539,0.248,14,13,1,36,MORTGAGE,1
56,65857.16,24434.7,700,0.558,18,3,0,36,OWN,0
25,75490.25,19474.96,650,0.293,10,17,0,36,MORTGAGE,1
57,39336.4,3262.06,612,0.335,23,11,0,60,OWN,1
61,32261.55,6182.9,619,0.371,38,6,0,12,MORTGAGE,0
27,12000.0,8331.23,602,0.683,28,19,0,36,MORTGAGE,1
42,49671.73,8161.32,782,0.351,12,9,0,24,MORTGAGE,0
27,43368.12,14277.68,591,0.514,27,8,2,12,RENT,1
48,23979.61,19917.15,544,0.26,38,0,1,36,RENT,1
66,64060.38,25041.27,714,0.311,9,19,0,12,OWN,0
24,46000.59,17465.4,633,0.352,9,16,0,24,MORTGAGE,0
40,33485.28,11434.56,813,0.234,1,3,0,48,RENT,0
68,43908.55,1000.0,608,0.319,33,18,0,24,RENT,0
35,76426.09,15564.72,718,0.483,33,15,1,48,RENT,0
27,67058.74,15206.16,737,0.23,16,8,0,24,OWN,0
44,52399.48,16463.43,608,0.35,34,18,0,36,MORTGAGE,1
45,67382.1,31849.92,591,0.456,26,11,0,60,OWN,0
53,31781.76,24924.77,709,0.226,39,13,0,24,MORTGAGE,0
36,55647.4,21280.49,696,0.514,36,3,0,36,RENT,0
67,57946.45,7303.38,537,0.361,38,2,2,48,RENT,1
46,45603.27,10896.04,560,0.325,15,10,0,24,MORTGAGE,0
35,63709.17,14241.24,447,0.049,25,6,0,24,OWN,1
68,39391.33,8796.74,698,0.294,6,19,0,48,RENT,0
66,65196.41,19003.72,629,0.406,35,1,0,12,RENT,0
45,66037.18,17855.27,637,0.612,12,15,0,24,MORTGAGE,1
22,12000.0,6293.54,515,0.435,17,12,0,36,MORTGAGE,1
50,78806.11,24574.53,562,0.519,23,17,0,24,MORTGAGE,1
48,12000.0,15818.48,612,0.169,31,19,0,36,OWN,1
28,42679.02,1167.43,596,0.331,29,17,1,48,MORTGAGE,1
52,75506.96,14589.26,659,0.533,38,7,0,60,MORTGAGE,0
62,48654.27,17249.65,697,0.217,28,13,0,48,OWN,0
26,25676.28,22782.34,832,0.495,31,3,1,36,RENT,0
56,33125.26,12300.19,648,0.46,22,9,0,48,MORTGAGE,0
27,75538.11,21623.51,739,0.391,16,5,0,24,OWN,0
57,16569.91,16497.14,584,0.301,36,5,1,36,OWN,1
41,77579.82,4479.56,516,0.202,15,11,0,60,MORTGAGE,1
21,53897.96,3678.67,622,0.616,24,2,0,12,RENT,0
68,31152.09,23980.48,522,0.445,11,11,0,24,MORTGAGE,1
29,43337.7,24567.87,651,0.401,19,8,0,24,RENT,0
50,34655.51,17583.27,588,0.288,14,4,0,60,RENT,1
29,72324.5,26965.65,494,0.356,10,11,0,24,OWN,1
66,69648.56,23452.88,789,0.375,32,15,0,24,OWN,0
57,20616.78,20469.03,607,0.41,30,12,1,60,RENT,1
60,46928.16,7709.51,519,0.46,28,1,0,60,MORTGAGE,1
42,37736.29,28851.43,722,0.233,3,11,2,12,OWN,0
43,80870.2,19290.41,592,0.13,9,12,0,60,MORTGAGE,1
52,27998.02,11913.29,737,0.363,8,13,0,48,MORTGAGE,0
59,87084.58,9653.84,591,0.088,28,8,1,60,OWN,0
62,54334.11,17054.27,607,0.301,35,1,1,12,OWN,0
21,31761.31,1631.53,678,0.274,15,2,0,12,OWN,1
53,41454.52,20597.39,697,0.424,13,6,0,24,MORTGAGE,0
26,38967.62,7371.43,711,0.647,22,12,0,60,MORTGAGE,1
35,29507.63,17964.86,643,0.058,39,14,0,36,RENT,0
61,56896.54,10827.04,692,0.691,14,13,1,48,OWN,0
33,30441.69,12884.65,710,0.315,11,6,1,24,RENT,0
60,12000.0,8944.72,666,0.402,20,8,0,24,RENT,1
43,47406.47,13710.16,639,0.138,36,0,0,60,MORTGAGE,0
32,18942.88,30115.04,534,0.5,29,15,0,36,OWN,1
37,39956.78,26080.48,698,0.356,20,7,0,48,MORTGAGE,0
47,36817.94,17835.83,653,0.341,29,10,1,48,MORTGAGE,0
58,37575.68,14797.65,617,0.059,0,8,0,12,RENT,1
50,95019.26,21753.61,752,0.361,30,5,0,60,OWN,0
66,56128.23,24039.76,536,0.477,3,3,0,60,RENT,1
63,59907.42,8361.45,782,0.315,15,19,0,48,RENT,0
57,19472.03,14380.49,648,0.526,13,2,0,36,RENT,1
50,41920.74,1000.0,675,0.52,27,18,0,36,OWN,0
35,59306.05,23984.82,618,0.254,9,2,1,24,RENT,0
41,34509.42,31520.19,517,0.589,9,1,0,48,OWN,1
26,73161.26,15640.66,639,0.357,35,18,0,24,RENT,0
39,30946.07,1000.0,677,0.357,19,18,0,12,MORTGAGE,1
66,49272.68,19871.12,704,0.365,29,17,1,12,MORTGAGE,0
41,43278.97,7767.29,634,0.36,23,15,1,36,OWN,0
26,58286.41,9693.2,475,0.0,24,9,0,60,RENT,1
52,42190.2,20012.61,527,0.322,27,2,0,48,MORTGAGE,1
68,49582.13,17036.43,814,0.145,26,11,0,60,OWN,0
63,50277.4,11095.13,563,0.594,36,10,2,48,OWN,1
34,40312.24,9803.15,764,0.588,31,14,0,60,RENT,0
43,64701.88,16006.69,575,0.478,12,0,0,48,RENT,1
47,59767.77,11724.28,635,0.314,6,1,1,60,OWN,0
33,53227.72,6126.1,700,0.199,33,11,0,36,OWN,0
34,46390.83,12339.49,584,0.251,14,17,0,12,MORTGAGE,0
32,70930.88,17716.74,777,0.641,12,18,0,24,RENT,0
69,50283.32,13575.17,656,0.246,4,11,0,60,RENT,1
57,48866.05,3691.93,687,0.0,22,7,0,48,MORTGAGE,0
62,57093.8,22912.52,629,0.505,20,9,1,12,MORTGAGE,1
61,88931.73,1000.0,703,0.575,33,10,1,12,MORTGAGE,0
67,28192.88,11429.08,776,0.599,29,12,0,48,RENT,0
26,70397.14,10038.41,639,0.506,28,4,0,60,RENT,0
64,17136.58,16185.43,788,0.53,21,7,0,48,MORTGAGE,0
24,59345.46,19493.29,601,0.358,34,10,0,60,OWN,0
44,86501.66,24014.12,711,0.039,39,17,0,12,OWN,0
50,64773.37,9300.76,689,0.354,32,16,0,60,MORTGAGE,0
38,58412.5,19692.66,565,0.443,13,15,0,12,RENT,1
28,43791.01,16566.55,667,0.33,11,4,1,60,RENT,1
30,55620.94,1307.68,651,0.323,0,8,0,60,MORTGAGE,0
61,49958.74,30204.32,582,0.205,39,11,0,36,MORTGAGE,1
36,39280.47,3489.8,679,0.2,29,19,0,36,OWN,0
36,49202.49,18355.98,662,0.626,37,7,1,36,RENT,0
66,58967.62,18119.68,644,0.631,31,18,2,36,RENT,1
28,39655.66,17205.09,645,0.35,17,14,0,60,RENT,0
65,38874.36,11043.38,643,0.392,5,12,1,24,OWN,1
66,27795.13,21618.02,621,0.203,1,14,0,24,OWN,1
50,62814.5,2517.06,661,0.446,31,15,0,60,OWN,0
29,65906.47,14473.37,598,0.614,12,13,0,60,RENT,1
28,59633.21,10489.0,850,0.121,15,13,1,36,MORTGAGE,0
34,74303.41,9581.62,537,0.42,33,7,0,24,MORTGAGE,1
49,56757.35,18429.98,603,0.431,19,8,0,60,RENT,1
28,62840.22,23619.83,610,0.429,38,11,2,60,MORTGAGE,1
43,61076.75,12253.95,813,0.596,21,16,0,24,OWN,0
26,53169.2,21245.45,544,0.655,33,13,0,36,MORTGAGE,1
47,44383.56,15397.93,684,0.315,5,19,0,36,RENT,0
22,99283.05,7858.14,670,0.451,15,13,0,60,MORTGAGE,1
55,45960.98,12936.38,677,0.363,7,8,0,48,MORTGAGE,0
23,41682.45,12604.11,749,0.255,2,11,1,36,MORTGAGE,0
30,63680.2,9426.72,747,0.391,39,12,0,60,MORTGAGE,0
29,60037.09,18427.86,614,0.451,20,17,0,48,MORTGAGE,1
61,26904.17,16877.17,666,0.383,14,5,0,36,MORTGAGE,0
23,77453.57,2274.8,501,0.218,15,4,0,60,MORTGAGE,1
42,53116.11,1787.79,658,0.28,9,4,0,36,OWN,0
49,32781.38,18397.48,586,0.282,4,1,0,36,MORTGAGE,1
46,78775.68,8477.71,635,0.224,36,13,0,24,MORTGAGE,0
54,67513.51,17416.33,515,0.397,4,19,2,24,OWN,1
60,29709.16,21247.45,682,0.413,15,12,0,24,OWN,0
40,90543.66,4832.38,514,0.497,6,1,0,12,OWN,1
61,68175.95,3707.7,662,0.221,37,7,2,48,OWN,0
36,54796.08,28395.45,552,0.263,8,18,0,36,OWN,1
69,86804.38,17812.57,582,0.583,15,1,0,60,RENT,1
45,58185.96,11646.07,742,0.325,30,12,0,48,OWN,0
57,54438.34,7528.48,697,0.355,22,8,0,12,MORTGAGE,0
63,41794.0,10916.47,742,0.324,15,18,0,48,RENT,0
59,66637.01,5475.42,775,0.52,22,10,1,12,MORTGAGE,0
62,64532.06,22067.3,588,0.526,17,11,0,12,OWN,1
47,55293.6,8785.99,770,0.517,11,14,0,48,RENT,0
23,39200.27,23748.28,533,0.354,23,16,1,12,OWN,1
45,57598.6,11794.97,710,0.219,14,10,0,36,MORTGAGE,0
29,53604.02,6653.2,611,0.639,38,14,1,60,RENT,0
64,28330.51,11589.59,576,0.478,18,16,0,24,MORTGAGE,1
32,25563.75,1000.0,699,0.282,30,10,0,48,MORTGAGE,0
32,66303.07,14033.85,726,0.564,9,14,0,24,RENT,0
33,12000.0,13639.05,723,0.27,25,7,1,12,MORTGAGE,0
52,59108.21,21597.94,667,0.562,22,7,0,12,OWN,0
48,45438.34,1000.0,661,0.572,29,0,0,12,OWN,0
67,81164.93,24294.93,692,0.212,18,13,2,12,RENT,1
41,45130.64,21564.79,674,0.437,28,5,0,12,MORTGAGE,0
34,68189.68,25016.35,693,0.467,2,16,0,60,RENT,0
23,47061.72,14578.23,666,0.742,27,19,1,60,MORTGAGE,1
21,57274.96,23111.17,717,0.239,30,17,0,24,OWN,0
39,69736.73,3230.05,520,0.565,19,5,0,48,MORTGAGE,0
66,45748.89,20704.38,639,0.353,1,13,1,24,RENT,1
46,74931.1,8830.7,539,0.164,22,15,0,48,RENT,1
64,35126.04,1788.79,672,0.332,31,10,1,24,OWN,0
25,60891.86,6006.88,781,0.35,18,10,0,48,OWN,0
25,73452.79,15044.25,612,0.191,3,8,0,24,OWN,0
61,68200.75,8405.61,660,0.397,15,6,0,60,OWN,0
26,93328.9,18008.59,711,0.494,39,11,0,60,RENT,0
23,39731.21,1000.0,485,0.386,10,19,0,24,MORTGAGE,1
40,27417.01,1000.0,608,0.269,21,4,0,12,OWN,0
66,35113.3,25979.1,679,0.328,14,0,0,24,OWN,0
54,68208.85,22230.4,418,0.349,28,1,1,24,MORTGAGE,1
25,64958.46,6605.63,572,0.383,17,11,1,36,MORTGAGE,1
62,57045.13,14976.0,738,0.516,15,5,0,36,RENT,0
62,32540.86,23156.06,730,0.391,23,9,0,60,MORTGAGE,0
60,70337.35,18353.6,680,0.14,22,19,0,12,RENT,0
65,30505.9,16185.78,721,0.266,19,1,0,36,MORTGAGE,0
32,78178.99,23761.23,667,0.375,10,3,0,12,MORTGAGE,0
68,112148.77,9154.3,694,0.519,4,4,0,36,OWN,0
36,62329.02,15249.43,625,0.545,27,9,1,48,RENT,1
60,66662.16,14857.21,659,0.616,13,13,1,60,MORTGAGE,0
49,45142.8,12817.9,599,0.37,24,3,0,36,OWN,0
59,18795.73,11881.56,751,0.464,15,2,0,12,MORTGAGE,0
51,42945.61,15582.95,772,0.132,34,1,1,60,RENT,0
52,33142.1,15275.26,760,0.414,28,16,2,36,OWN,0
51,26059.91,6612.58,617,0.189,16,0,3,36,RENT,1
59,89447.2,21414.37,574,0.341,13,12,1,48,MORTGAGE,1
57,60457.25,7188.92,752,0.804,29,11,2,24,OWN,0
27,62593.75,13254.13,694,0.396,0,2,0,60,RENT,0
61,48819.55,12637.76,676,0.22,2,11,0,12,OWN,1
47,51542.58,17864.83,599,0.411,3,5,2,12,RENT,1
36,74291.01,1000.0,684,0.272,13,10,1,60,OWN,0
46,54353.26,22127.28,563,0.206,19,2,1,36,MORTGAGE,1
68,65613.88,9584.08,701,0.665,11,13,0,60,OWN,0
63,51079.91,24759.71,760,0.51,7,15,0,60,OWN,0
61,48156.94,11174.68,780,0.402,12,0,0,60,RENT,0
43,26861.72,14609.25,707,0.291,19,10,0,48,OWN,0
59,15445.02,30310.29,539,0.303,11,12,1,48,MORTGAGE,1
39,49768.76,12781.29,666,0.581,22,0,1,48,MORTGAGE,1
54,56129.93,24910.8,821,0.396,15,14,1,48,MORTGAGE,0
52,29277.4,15312.36,581,0.0,37,10,1,24,OWN,1
33,54310.5,18323.35,645,0.713,39,6,0,60,RENT,1
34,56075.05,15559.67,763,0.377,26,9,0,12,RENT,0
23,12000.0,21782.81,699,0.402,22,13,0,36,RENT,0
27,36697.51,9515.75,848,0.513,1,12,0,24,RENT,0
42,63145.28,7127.61,591,0.42,24,15,0,48,MORTGAGE,1
44,62741.17,9891.39,571,0.462,15,0,0,24,OWN,0
29,31926.5,15797.68,748,0.286,11,15,1,24,MORTGAGE,1
41,58168.96,13233.45,554,0.166,31,0,0,60,RENT,0
50,75448.14,20682.2,634,0.392,1,13,0,36,MORTGAGE,0
32,70541.46,25437.85,645,0.565,10,6,0,48,RENT,1
37,53094.28,7193.29,733,0.253,30,1,0,60,MORTGAGE,0
39,45640.47,9128.41,699,0.241,36,13,0,60,MORTGAGE,0
45,42413.11,3510.08,687,0.533,20,11,0,24,RENT,0
38,64356.4,31242.98,618,0.281,21,13,0,12,RENT,1
57,58902.08,17437.36,747,0.288,38,7,0,60,OWN,0
37,67588.08,18838.42,850,0.294,3,5,0,24,OWN,0
42,57637.48,4278.33,705,0.34,19,12,1,48,OWN,0
39,71375.28,14990.64,658,0.114,9,4,1,48,RENT,0
29,56891.85,19073.98,546,0.269,19,16,0,36,OWN,1
54,70693.77,12977.94,599,0.385,36,13,0,12,OWN,1
32,72416.46,23605.64,633,0.383,23,19,1,36,OWN,1
35,38909.47,33494.65,607,0.524,39,0,0,12,OWN,1
59,18837.12,7423.5,649,0.626,20,11,1,24,OWN,1
67,85869.86,6823.3,792,0.577,34,11,0,24,OWN,0
53,60133.17,7977.95,750,0.487,6,17,0,36,OWN,0
65,20710.28,27849.59,637,0.328,12,8,0,12,OWN,1
62,40723.61,23338.84,553,0.257,10,18,1,60,RENT,1
44,70437.49,13915.78,757,0.353,30,4,0,12,RENT,0
58,49406.46,15292.48,646,0.438,20,17,0,60,OWN,0
37,44758.77,8467.65,512,0.473,8,10,1,24,RENT,1
43,83017.64,22120.22,707,0.443,6,18,0,36,RENT,0
47,34054.26,11960.79,732,0.332,15,4,1,60,RENT,0
68,39036.93,12919.39,456,0.468,6,5,1,48,OWN,1
62,59227.73,19870.32,584,0.539,27,11,0,12,OWN,1
44,62809.1,13496.04,641,0.482,33,11,2,48,RENT,0
52,64926.86,13120.27,709,0.345,38,2,0,36,RENT,0
30,73224.76,15084.6,609,0.225,9,13,1,60,OWN,1
60,58971.57,21362.84,583,0.221,17,8,0,36,RENT,1
48,64787.68,28171.94,708,0.248,20,3,0,60,MORTGAGE,0
47,49815.81,19683.89,613,0.389,19,10,1,36,RENT,0
58,56253.97,21426.51,693,0.428,18,13,1,12,OWN,1
52,57150.68,13401.17,561,0.138,8,0,1,36,MORTGAGE,1
24,59301.96,9337.62,542,0.274,4,18,0,60,RENT,1
35,70450.8,20231.89,710,0.386,16,12,1,12,OWN,0
29,66102.91,16369.93,670,0.215,3,5,0,24,OWN,0
57,55884.34,3618.97,724,0.415,2,15,0,12,OWN,0
22,38817.48,12375.44,607,0.304,20,16,0,60,MORTGAGE,1
30,56353.43,14336.82,586,0.241,34,19,1,36,OWN,0
50,54439.64,10916.34,759,0.358,21,15,1,48,OWN,0
55,58863.63,26853.88,528,0.409,0,4,0,60,OWN,1
45,99130.51,18838.71,750,0.223,33,3,1,60,OWN,0
63,44524.54,25985.4,756,0.314,27,4,2,36,RENT,0
66,63445.78,17107.4,719,0.42,12,17,0,60,MORTGAGE,0
27,76369.24,15651.1,595,0.236,10,6,0,36,OWN,0
67,56960.04,7507.22,585,0.101,35,6,1,60,RENT,0
51,101756.9,15095.44,633,0.12,19,17,2,60,OWN,0
52,47439.21,15104.43,546,0.287,5,4,1,24,RENT,1
25,61481.78,4063.09,573,0.152,11,8,0,48,OWN,0
51,39023.89,10683.78,702,0.298,10,5,0,48,RENT,0
56,47969.51,12413.74,702,0.6,16,6,1,48,RENT,0
49,59978.68,18307.84,566,0.143,13,11,1,12,RENT,1
25,71926.08,18690.8,704,0.308,21,14,0,36,MORTGAGE,0
46,61381.9,10349.45,686,0.67,12,5,2,12,RENT,0
66,80182.3,18750.96,771,0.411,25,0,0,60,MORTGAGE,0
56,53100.69,13543.37,696,0.295,19,12,0,60,OWN,0
27,48356.63,1000.0,735,0.326,37,10,0,36,RENT,0
68,109079.7,11122.38,688,0.414,33,13,1,12,MORTGAGE,0
67,62884.75,23631.91,728,0.604,13,9,0,48,MORTGAGE,0
29,40610.37,1545.55,547,0.27,1,15,1,36,RENT,1
60,41114.72,15901.53,640,0.236,23,12,1,48,RENT,0
40,36146.4,27682.09,647,0.143,13,15,0,12,MORTGAGE,1
50,73731.39,8915.1,631,0.365,36,14,0,36,RENT,0
42,47712.45,15017.19,686,0.139,16,9,0,24,MORTGAGE,0
59,57547.25,4567.87,701,0.28,11,6,1,60,RENT,0
69,53729.83,28017.85,681,0.214,13,11,0,24,MORTGAGE,0
59,69629.85,14333.34,636,0.511,34,12,0,60,MORTGAGE,0
66,38065.12,15373.01,591,0.274,4,11,0,60,RENT,0
67,33488.55,25834.4,738,0.41,38,10,0,36,RENT,0
25,59485.95,20291.83,678,0.109,9,6,0,12,RENT,0
33,67019.19,7994.97,569,0.37,33,2,0,24,MORTGAGE,1
56,61650.65,9821.78,635,0.17,21,8,1,12,OWN,0
49,38810.93,18959.45,511,0.286,22,17,0,48,OWN,1
23,68549.7,10007.03,653,0.682,8,14,0,48,OWN,1
25,40122.78,1000.0,634,0.49,28,15,1,24,OWN,1
46,44569.23,14574.07,604,0.331,25,14,0,48,RENT,1
51,36120.93,3158.3,777,0.83,19,18,0,36,OWN,0
29,81023.17,27930.25,558,0.213,18,4,0,60,OWN,0
29,67668.43,16414.3,707,0.525,23,14,0,12,RENT,0
27,67099.87,7758.6,825,0.12,18,1,0,12,OWN,0
48,79944.23,9410.94,736,0.313,38,4,1,60,MORTGAGE,0
21,111252.98,1000.0,647,0.148,1,0,1,24,OWN,0
49,20815.48,6204.3,559,0.389,10,8,0,60,OWN,1
44,40232.47,23130.59,541,0.358,34,2,0,60,MORTGAGE,1
43,42676.5,32854.29,617,0.304,31,7,0,12,OWN,0
54,37983.61,20811.17,595,0.514,13,2,1,36,MORTGAGE,1
46,33448.34,14263.66,592,0.265,20,0,1,48,RENT,1
56,49006.94,11544.32,624,0.399,1,9,0,12,MORTGAGE,1
58,30667.93,7348.03,642,0.473,7,8,0,60,MORTGAGE,1
66,61700.85,31478.13,689,0.128,37,8,1,12,MORTGAGE,0
60,56033.97,13490.01,551,0.238,25,6,1,12,MORTGAGE,1
46,64620.57,31925.04,595,0.358,1,8,0,36,OWN,1
45,65154.57,26148.16,637,0.445,31,0,1,24,OWN,1
32,67060.14,1073.63,634,0.563,16,9,1,48,OWN,1
50,47531.82,9672.38,797,0.318,22,16,1,24,OWN,0
27,97422.87,9647.64,669,0.303,34,2,1,24,MORTGAGE,0
66,59688.62,14361.23,521,0.219,33,2,1,60,OWN,1
62,17750.3,14517.49,683,0.399,5,15,2,12,MORTGAGE,1
26,34952.49,38969.91,694,0.305,14,10,0,36,OWN,0
59,20189.94,6382.18,640,0.309,10,5,0,12,OWN,1
26,55346.69,16831.76,553,0.336,36,15,1,12,RENT,1
56,52563.9,19932.06,791,0.433,31,6,0,24,MORTGAGE,0
25,45631.49,14987.42,564,0.265,25,12,0,24,MORTGAGE,1
44,95218.52,15881.44,703,0.234,2,11,0,36,RENT,0
53,65979.66,6641.53,666,0.415,32,3,0,36,RENT,0
56,69521.97,15851.89,698,0.0,22,15,0,12,MORTGAGE,0
41,36378.53,19091.19,787,0.259,10,12,0,12,RENT,0
66,35017.1,17620.8,695,0.177,17,4,0,12,OWN,0
58,55736.11,19561.61,605,0.53,17,15,1,48,RENT,1
31,58460.14,26300.86,738,0.284,11,12,1,60,MORTGAGE,0
53,17873.77,22495.73,600,0.266,36,17,0,12,RENT,0
56,51393.86,15570.36,663,0.343,36,16,0,12,OWN,0
37,55281.44,5625.93,547,0.261,2,6,0,48,OWN,0
57,50697.02,10199.96,567,0.29,37,18,1,48,OWN,1
65,38732.19,13242.95,654,0.365,16,0,0,48,MORTGAGE,1
61,44209.3,17018.77,679,0.287,31,6,0,12,OWN,0
58,51462.82,11173.34,514,0.286,31,12,0,60,OWN,1
52,56816.0,7514.13,690,0.198,23,10,1,48,RENT,0
34,67095.83,5494.41,584,0.177,29,4,0,12,OWN,0
59,76617.12,1790.58,752,0.359,27,3,0,12,RENT,0
38,49113.05,13120.39,622,0.396,34,15,1,48,OWN,1
47,45876.88,3242.68,560,0.136,16,17,0,48,MORTGAGE,1
36,63753.11,6995.79,656,0.464,29,13,1,48,OWN,0
36,67216.9,11848.79,577,0.465,39,10,1,36,RENT,1
28,46315.99,4312.66,752,0.496,37,15,1,36,MORTGAGE,0
68,70807.87,18038.02,650,0.395,5,4,0,48,MORTGAGE,0
28,74591.71,20921.78,638,0.446,19,19,0,12,MORTGAGE,0
25,80833.73,10604.58,697,0.678,20,2,0,24,RENT,0
66,90566.42,11503.78,570,0.305,24,11,0,12,MORTGAGE,0
48,37671.68,19299.44,547,0.193,25,6,0,60,OWN,0
42,55277.96,9288.04,683,0.12,33,18,0,48,MORTGAGE,0
57,55225.55,8738.13,562,0.613,21,4,1,48,MORTGAGE,1
39,53038.53,24571.99,562,0.615,28,12,1,36,MORTGAGE,1
27,42014.74,22073.5,717,0.211,35,3,0,60,RENT,0
56,25288.76,19812.4,692,0.241,4,3,1,60,OWN,0
29,56853.59,22405.16,550,0.301,25,8,1,48,MORTGAGE,1
48,39632.89,1000.0,600,0.534,14,15,0,60,OWN,1
67,56719.87,25830.68,578,0.157,36,5,1,48,MORTGAGE,0
66,39119.13,18136.5,792,0.055,22,13,0,48,MORTGAGE,0
38,33006.83,23086.25,722,0.675,24,11,0,24,RENT,0
59,59685.97,18097.29,616,0.397,30,19,1,60,RENT,1
51,58018.43,15391.4,696,0.418,9,6,2,12,OWN,0
44,66585.64,12797.53,542,0.319,21,4,0,48,OWN,1
27,98717.28,17937.16,596,0.42,30,18,0,48,OWN,0
39,60545.79,12506.02,658,0.123,31,6,0,12,MORTGAGE,0
52,64701.64,21943.01,686,0.224,9,4,0,48,RENT,0
69,33448.77,2308.35,642,0.366,33,16,1,12,OWN,1
21,29261.85,10667.39,670,0.009,6,16,0,36,RENT,0
56,86656.59,31358.59,656,0.305,10,1,0,60,RENT,1
62,36530.4,9991.36,637,0.295,34,17,0,12,OWN,0
67,34121.12,13090.53,626,0.305,24,12,0,24,OWN,1
41,54218.02,7939.35,616,0.267,21,5,0,36,OWN,0
26,53196.15,17686.77,669,0.201,22,10,0,60,RENT,0
34,36949.87,9109.88,683,0.077,38,4,0,24,MORTGAGE,0
62,48900.54,13515.11,666,0.372,9,3,1,12,OWN,1
64,79587.51,21790.93,556,0.305,11,2,1,12,OWN,1
52,38880.13,9409.89,570,0.144,19,3,0,12,OWN,0
27,27126.55,21308.89,682,0.359,33,11,0,60,OWN,0
26,73851.87,21577.83,768,0.306,21,16,1,48,OWN,0
44,64845.94,23439.65,662,0.281,29,9,0,36,RENT,0
49,42589.63,16124.33,617,0.026,32,0,2,60,OWN,0
22,23356.66,40930.07,668,0.452,35,8,1,60,OWN,1
54,40107.53,23436.27,559,0.165,18,14,0,60,RENT,1
47,53905.91,17599.02,755,0.359,18,16,0,12,MORTGAGE,0
21,78313.44,7992.6,665,0.229,3,14,1,12,OWN,0
25,34268.36,14223.53,596,0.292,3,7,1,48,RENT,1
43,53309.6,26410.62,637,0.523,19,12,0,24,RENT,1
56,68502.89,28676.28,608,0.43,29,1,0,12,RENT,1
61,12000.0,26826.63,755,0.52,33,8,2,48,OWN,0
42,75675.72,21281.54,634,0.4,16,10,1,24,MORTGAGE,0
35,31350.99,4954.72,662,0.409,22,0,1,60,OWN,0
68,61639.91,18897.29,696,0.083,32,0,0,36,OWN,0
43,59933.66,5068.78,591,0.302,12,16,0,24,RENT,0
36,76691.73,3100.23,665,0.316,6,4,0,60,RENT,0
42,66018.49,16913.27,672,0.534,36,2,0,48,MORTGAGE,1
21,12000.0,19185.6,526,0.274,21,11,0,24,RENT,1
35,39304.42,22227.02,670,0.39,6,5,0,12,OWN,1
46,57764.1,18977.09,646,0.384,10,19,2,36,OWN,1
66,51100.4,19252.69,660,0.524,13,18,1,48,RENT,0
57,64552.21,7122.78,653,0.33,8,16,0,60,MORTGAGE,0
59,70787.33,14160.19,671,0.474,17,6,1,12,OWN,0
47,67169.03,2943.07,757,0.094,32,17,1,36,OWN,0
26,50714.5,1000.0,556,0.108,29,5,0,60,RENT,1
40,18073.26,20925.14,623,0.007,36,4,0,48,MORTGAGE,0
69,45890.38,8975.0,703,0.468,33,19,1,12,RENT,0
23,63327.36,21979.99,688,0.451,12,13,0,60,RENT,0
64,33191.05,23866.78,687,0.485,2,1,0,48,MORTGAGE,0
54,67625.49,10045.46,850,0.248,6,17,0,36,OWN,0
34,73167.87,19722.49,699,0.265,31,3,0,48,MORTGAGE,0
59,57537.34,9710.75,740,0.332,13,13,1,48,RENT,0
62,12000.0,1000.0,625,0.567,28,8,0,24,MORTGAGE,1
23,29438.23,15986.48,571,0.604,18,0,0,48,MORTGAGE,1
26,92723.78,11233.01,625,0.469,35,15,0,24,OWN,0
53,44069.24,11479.29,707,0.4,20,13,1,24,RENT,0
69,15317.14,30802.74,683,0.55,36,17,0,36,MORTGAGE,1
22,79704.95,2793.14,682,0.312,10,12,0,12,RENT,0
53,55267.11,18062.97,633,0.291,31,15,0,48,MORTGAGE,0
27,77098.81,7041.54,620,0.331,20,18,2,36,RENT,1
52,60539.17,22266.09,636,0.203,7,19,0,48,RENT,0
51,64171.18,17387.45,708,0.324,9,11,0,12,RENT,0
25,62260.18,18034.75,717,0.182,12,0,1,36,RENT,0
54,68949.77,7440.88,570,0.504,6,6,1,36,MORTGAGE,1
64,100548.61,8875.3,711,0.432,37,12,1,12,OWN,0
63,74420.13,22418.0,598,0.564,8,2,0,36,RENT,1
22,23393.21,29166.38,688,0.106,23,2,1,60,OWN,0
33,63933.23,18842.46,635,0.635,22,7,1,60,MORTGAGE,0
32,77829.62,7820.63,775,0.114,21,18,2,12,OWN,0
43,79054.02,17711.51,617,0.17,25,6,0,60,MORTGAGE,0
28,46467.9,34419.78,664,0.257,36,18,0,36,RENT,0
62,78298.89,15819.38,699,0.546,38,16,1,12,OWN,0
59,73554.85,26694.73,580,0.384,34,6,0,60,MORTGAGE,1
60,106450.35,9077.37,644,0.313,18,4,3,36,MORTGAGE,0
30,39999.97,14663.31,629,0.231,29,16,2,60,RENT,0
21,44851.99,19956.52,609,0.144,7,15,1,12,OWN,1
65,48877.62,18178.63,615,0.52,35,12,2,12,MORTGAGE,1
35,45195.56,8868.89,739,0.47,7,19,0,60,RENT,0
53,37199.59,8523.86,602,0.553,4,2,0,24,OWN,1
65,12000.0,22906.28,695,0.41,33,7,0,36,OWN,0
22,46306.01,24532.41,675,0.0,30,12,1,48,RENT,0
21,62387.16,27097.15,538,0.163,5,1,0,60,MORTGAGE,1
21,45135.56,29431.44,692,0.42,38,19,0,24,MORTGAGE,0
28,93707.62,16076.96,537,0.295,4,11,1,48,OWN,1
23,55267.52,12510.41,700,0.266,1,6,0,48,OWN,0
61,80820.58,25807.93,609,0.185,38,4,0,48,RENT,0
50,60228.41,20704.55,651,0.492,8,0,0,36,MORTGAGE,0
69,71528.15,7140.36,546,0.418,9,11,0,12,MORTGAGE,1
60,60584.83,6730.91,660,0.425,31,19,1,24,MORTGAGE,0
68,82375.69,18935.44,724,0.255,24,0,0,36,OWN,0
32,56118.79,13581.8,585,0.376,20,8,2,36,RENT,1
35,64922.41,14788.56,601,0.149,39,13,1,12,RENT,0
62,62326.66,23580.27,686,0.331,3,8,1,48,RENT,1
32,49234.29,21072.3,688,0.0,37,13,0,36,RENT,0
23,63099.65,25638.99,455,0.115,10,14,0,48,RENT,1
53,99687.72,1000.0,811,0.302,24,19,1,36,OWN,0
60,49592.06,17027.18,692,0.706,12,12,0,24,RENT,0
68,63389.3,20557.51,706,0.08,11,14,0,12,RENT,0
66,80155.58,2787.31,639,0.163,12,6,0,12,MORTGAGE,0
26,77805.07,9760.83,502,0.383,22,3,0,36,OWN,1
58,55234.33,8276.12,704,0.615,35,1,1,24,MORTGAGE,0
62,12000.0,15173.59,605,0.38,4,2,0,48,RENT,1
55,65334.06,28022.83,694,0.455,26,16,0,48,OWN,0
61,12000.0,31180.72,632,0.299,34,0,2,24,OWN,1
62,84398.74,8485.7,669,0.273,29,9,1,48,MORTGAGE,0
42,58389.48,19212.46,588,0.362,39,12,1,36,OWN,1
22,74993.48,19470.38,719,0.251,0,13,0,60,MORTGAGE,0
43,36957.78,18101.01,555,0.459,14,1,0,60,MORTGAGE,1
30,23949.85,18191.84,830,0.109,17,17,0,60,RENT,0
26,60215.09,17429.94,829,0.483,21,8,0,12,RENT,0
27,54327.93,28500.56,781,0.356,12,0,1,36,RENT,0
55,45169.18,23819.73,752,0.318,10,2,1,12,MORTGAGE,0
45,56693.23,6518.77,643,0.104,34,17,0,60,MORTGAGE,0
47,110348.72,21365.77,743,0.203,9,18,0,48,OWN,0
57,71690.51,22138.99,642,0.53,38,15,0,24,MORTGAGE,0
47,75989.97,17519.74,526,0.319,1,6,1,48,MORTGAGE,1
51,71878.74,24051.39,770,0.392,16,18,0,36,RENT,0
25,84589.24,16504.59,740,0.218,24,5,1,36,MORTGAGE,0
62,51198.57,16603.74,647,0.346,38,4,0,36,OWN,0
42,13904.77,15969.92,552,0.144,30,15,1,60,OWN,1
28,51228.28,1000.0,603,0.365,0,6,0,48,RENT,1
60,71234.71,14356.81,504,0.406,29,10,0,36,MORTGAGE,1
56,35603.99,9654.0,726,0.398,13,13,0,48,OWN,0
23,51472.68,5508.42,522,0.214,34,3,0,12,RENT,1
30,41164.61,26472.15,673,0.299,30,18,1,24,OWN,0
21,85040.59,19033.66,583,0.431,7,3,1,12,RENT,1
34,69989.14,14761.35,536,0.318,14,19,0,60,RENT,1
25,68030.81,10481.57,669,0.307,32,5,0,12,OWN,0
55,67432.03,17369.36,623,0.636,36,8,0,60,MORTGAGE,0
46,54255.01,22931.49,717,0.207,24,5,0,60,RENT,0
69,58951.13,8384.27,549,0.512,8,10,2,60,OWN,1
57,31296.31,14961.37,589,0.177,15,0,0,48,RENT,1
50,12000.0,21944.53,459,0.448,31,3,1,36,MORTGAGE,1
45,58001.62,1000.0,475,0.456,23,10,1,60,MORTGAGE,1
23,61479.81,14539.44,794,0.273,8,13,0,60,OWN,0
24,79185.29,11565.67,817,0.167,11,19,0,60,MORTGAGE,0
51,86426.72,13929.36,657,0.054,7,16,1,48,OWN,0
21,86399.97,10986.97,584,0.258,18,18,2,48,OWN,0
23,35039.53,16101.0,626,0.429,17,15,0,48,RENT,1
31,47954.7,30389.02,720,0.188,21,15,0,60,MORTGAGE,0
64,64606.69,12408.62,609,0.365,37,6,1,36,RENT,0
43,105638.09,17333.69,669,0.129,26,18,0,36,MORTGAGE,0
55,84601.98,30957.97,649,0.315,23,19,0,60,MORTGAGE,0
41,77387.94,10599.88,604,0.178,14,10,2,24,MORTGAGE,0
29,47244.24,29517.4,608,0.338,25,2,1,48,OWN,1
39,37336.01,15042.58,673,0.275,38,0,1,12,OWN,0
25,70778.16,29255.17,572,0.171,0,9,0,36,RENT,0
58,32986.77,21001.61,686,0.251,13,12,1,12,RENT,0
29,50231.27,17456.87,612,0.21,2,11,0,60,MORTGAGE,0
39,52704.44,14474.95,660,0.153,8,17,1,60,RENT,0
69,86858.24,10007.67,761,0.512,2,10,0,24,MORTGAGE,0
50,47906.05,15606.33,637,0.296,23,13,0,12,MORTGAGE,0
43,12000.0,22178.89,724,0.02,32,15,0,48,RENT,0
47,65088.89,14895.11,507,0.257,37,17,0,60,MORTGAGE,1
59,41019.56,12467.02,612,0.487,9,12,0,24,RENT,1
33,55852.62,12993.74,652,0.236,27,11,0,60,RENT,0
52,53265.91,22939.81,804,0.575,13,1,1,36,OWN,0
63,49525.92,24801.29,493,0.222,12,12,0,36,RENT,1
49,70806.81,9662.8,642,0.426,24,3,0,24,RENT,0
42,24342.7,9651.3,767,0.505,27,7,0,24,OWN,0
28,44659.72,18034.87,587,0.418,23,10,0,24,MORTGAGE,1
33,68680.76,27220.26,633,0.144,3,1,0,12,RENT,0
67,42718.3,24167.92,677,0.209,16,13,0,24,OWN,1
47,22823.87,4985.18,665,0.526,11,5,0,24,OWN,0
35,68371.11,12887.39,775,0.229,0,10,0,12,RENT,0
41,77461.89,7555.17,686,0.496,1,7,0,24,RENT,0
49,54100.1,12859.9,756,0.285,17,7,1,12,OWN,0
47,15783.09,27835.28,621,0.371,4,7,1,12,MORTGAGE,1
55,69119.39,3619.19,591,0.142,29,1,0,48,RENT,0
33,21802.24,2049.08,632,0.259,2,3,0,12,OWN,0
52,61175.99,8371.57,557,0.219,9,15,0,24,OWN,1
42,37250.72,17298.48,689,0.384,39,2,0,48,MORTGAGE,0
67,31803.21,19966.04,619,0.364,28,9,0,12,RENT,1
28,46161.8,18499.59,596,0.419,22,2,0,48,MORTGAGE,1
28,51334.05,24405.48,690,0.276,0,10,1,12,MORTGAGE,1
43,42115.83,1000.0,559,0.21,1,12,0,12,OWN,1
45,66774.07,24506.69,712,0.377,36,9,0,12,MORTGAGE,0
54,46078.61,12503.24,612,0.196,31,15,0,60,RENT,0
40,74603.82,20851.95,743,0.512,38,5,0,12,MORTGAGE,0
65,60623.46,4412.6,619,0.333,32,11,0,12,RENT,0
44,41048.86,15039.65,701,0.301,0,5,0,60,RENT,0
27,37681.2,16890.17,664,0.419,32,10,0,48,OWN,0
26,22050.07,24246.01,710,0.339,18,1,1,36,OWN,1
68,60814.66,2317.96,659,0.101,27,5,0,12,OWN,0
27,47908.25,15246.02,517,0.191,16,14,0,24,MORTGAGE,1
67,12000.0,6318.12,731,0.509,28,15,0,36,OWN,0
34,44285.7,19043.97,643,0.363,33,5,0,36,OWN,0
25,36979.32,21217.73,713,0.098,38,5,1,36,MORTGAGE,0
35,86513.55,25297.36,705,0.403,21,5,0,12,OWN,0
51,20944.43,10719.76,588,0.266,11,5,1,60,MORTGAGE,1
41,26172.98,22417.81,577,0.219,24,19,0,48,MORTGAGE,1
59,77199.39,25887.21,702,0.178,19,13,0,24,OWN,0
50,82135.26,1854.02,626,0.5,8,7,0,60,MORTGAGE,1
40,40100.34,19898.76,725,0.055,28,9,1,24,MORTGAGE,0
52,42358.28,22668.09,636,0.224,3,10,1,12,MORTGAGE,1
68,67324.71,12930.19,732,0.368,16,11,2,60,OWN,0
41,12000.0,5313.81,684,0.587,27,7,1,12,OWN,1
28,17776.13,22543.65,673,0.433,36,19,0,12,RENT,1
41,49385.33,5403.93,620,0.223,24,5,0,48,OWN,0
62,85997.81,13573.19,669,0.579,39,8,0,24,OWN,0
31,46285.4,14679.01,745,0.147,33,0,0,12,OWN,0
67,57018.74,20724.3,646,0.39,9,9,0,12,RENT,0
49,77675.79,9986.95,692,0.423,33,17,1,12,OWN,0
50,97137.69,9523.33,654,0.218,13,19,1,60,OWN,0
36,43463.03,15791.32,660,0.455,25,9,1,48,RENT,1
66,54663.27,23051.12,788,0.273,8,2,2,60,OWN,0
22,91441.1,33299.6,746,0.454,21,14,0,48,MORTGAGE,0
35,24556.01,2940.15,656,0.074,27,12,2,36,RENT,1
41,75551.62,17522.74,667,0.4,36,19,1,24,OWN,0
44,34633.69,6307.72,594,0.288,37,10,2,60,RENT,1
44,57049.45,23150.49,636,0.522,32,0,0,60,OWN,1
28,50147.62,7491.64,675,0.343,22,18,0,36,OWN,0
32,35839.77,9602.81,718,0.537,35,13,0,12,MORTGAGE,0
25,35337.96,10285.83,710,0.426,4,16,0,48,MORTGAGE,1
49,60528.29,14390.41,561,0.331,39,2,2,24,MORTGAGE,1
38,74910.79,17585.58,728,0.468,8,9,0,24,RENT,0
48,52405.28,18869.61,643,0.469,16,9,0,48,RENT,1
49,56402.26,14953.86,571,0.421,36,5,1,60,OWN,0
55,66423.48,4360.87,757,0.006,28,16,0,48,OWN,0
47,35567.62,20822.29,767,0.203,33,3,0,12,RENT,0
52,69793.85,14576.33,671,0.558,27,1,0,48,OWN,0
49,71386.86,24293.88,707,0.162,24,4,0,60,RENT,0
52,107072.53,9338.09,711,0.482,6,19,2,48,RENT,0
51,47477.92,2181.8,762,0.456,39,2,0,24,OWN,0
36,45838.36,14727.79,708,0.241,25,11,0,48,RENT,0
33,70379.32,25367.62,544,0.051,26,3,0,24,RENT,1
59,71382.08,16287.54,811,0.265,17,7,0,60,OWN,0
37,44298.26,13402.64,735,0.662,38,11,0,60,MORTGAGE,0
47,46936.75,8037.22,609,0.221,18,0,0,36,MORTGAGE,0
30,65822.62,29062.13,568,0.231,7,4,1,12,RENT,1
42,38448.32,6763.18,690,0.2,7,11,1,36,MORTGAGE,1
46,46789.32,9196.85,628,0.532,27,0,0,12,OWN,1
51,56791.86,19560.27,676,0.314,29,9,0,48,OWN,0
46,74918.77,1000.0,709,0.256,8,12,0,48,MORTGAGE,0
38,42908.03,25196.73,605,0.562,27,4,0,24,OWN,1
68,18152.31,19993.54,561,0.437,39,3,2,60,MORTGAGE,1
46,16668.05,22193.85,681,0.212,21,9,0,48,RENT,0
60,29811.74,19464.94,607,0.166,38,14,0,60,RENT,0
57,28736.65,13711.01,662,0.524,6,0,1,24,MORTGAGE,1
48,51907.78,6494.81,543,0.353,16,6,0,12,RENT,1
64,31222.4,13879.4,630,0.118,22,19,2,36,MORTGAGE,1
27,40944.9,7198.11,707,0.083,14,6,0,24,OWN,0
66,39518.28,18889.24,698,0.183,4,6,0,48,MORTGAGE,0
62,46189.84,21454.24,587,0.164,18,14,0,36,OWN,1
45,81450.09,26814.47,557,0.043,13,9,1,48,OWN,1
56,68238.95,17974.14,651,0.185,8,7,0,12,OWN,0
46,55322.59,22396.6,695,0.212,14,15,1,12,RENT,0
34,45779.47,12622.84,682,0.281,16,0,1,60,MORTGAGE,0
60,46335.35,11173.78,609,0.604,35,14,0,36,OWN,1
33,61554.93,18789.38,674,0.31,19,7,0,12,OWN,1
36,66683.38,11908.22,770,0.325,16,17,1,60,OWN,0
46,36847.65,17153.49,666,0.426,15,14,0,12,MORTGAGE,0
62,55729.62,6510.46,519,0.314,23,18,1,60,OWN,1
39,14367.61,7946.98,666,0.41,11,2,0,24,RENT,1
45,59234.28,20083.27,814,0.392,34,3,1,36,RENT,0
23,70242.98,22093.52,547,0.368,16,18,0,24,MORTGAGE,1
26,49398.63,7114.75,652,0.765,17,7,0,12,RENT,0
23,91330.54,20364.91,632,0.487,2,16,0,36,MORTGAGE,0
24,37375.23,10738.11,658,0.188,35,13,0,24,OWN,0
63,59348.81,15132.04,666,0.406,18,9,0,36,RENT,0
62,54283.51,26335.56,741,0.231,5,0,0,36,MORTGAGE,0
61,52994.05,21459.9,657,0.417,6,1,0,48,MORTGAGE,0
23,52713.56,21366.98,752,0.144,14,14,0,12,MORTGAGE,0
24,57142.1,30270.32,641,0.184,31,1,1,24,OWN,0
34,71959.17,9368.97,622,0.402,3,0,0,60,MORTGAGE,0
48,82554.72,7113.0,596,0.5,4,4,1,60,RENT,1
37,54955.0,9223.02,505,0.425,22,18,0,36,RENT,1
44,71306.32,12963.99,672,0.478,19,12,0,24,OWN,0
29,40964.66,1000.0,814,0.406,38,14,0,36,MORTGAGE,0
56,70319.11,13340.57,687,0.376,30,13,0,48,OWN,1
36,39760.17,10643.43,705,0.274,26,11,1,24,OWN,0
24,76813.2,21270.08,617,0.472,13,5,0,60,MORTGAGE,1
57,99212.82,17819.36,630,0.504,25,8,0,12,RENT,0
65,52558.32,10194.43,729,0.341,23,10,0,48,OWN,0
21,12000.0,19719.69,811,0.332,11,19,1,36,OWN,0
42,44038.54,20786.1,769,0.589,14,17,1,36,OWN,0
61,79637.5,8851.63,714,0.347,37,14,0,36,RENT,0
55,66061.54,11055.81,653,0.361,21,16,0,12,MORTGAGE,0
62,59978.27,1000.0,667,0.423,18,16,1,24,MORTGAGE,0
41,75173.37,6274.72,590,0.335,31,13,0,24,MORTGAGE,0
39,64689.07,9060.24,534,0.227,10,16,0,48,MORTGAGE,1
55,79354.5,15593.33,560,0.407,8,1,1,36,OWN,1
28,73388.47,7436.94,654,0.344,39,0,1,36,RENT,0
32,85434.01,10892.38,627,0.626,32,8,0,36,RENT,1
50,62175.92,5197.35,532,0.468,16,1,0,36,OWN,1
53,73105.19,16368.91,647,0.261,37,6,0,12,MORTGAGE,0
26,48857.46,18405.72,625,0.459,14,3,0,60,OWN,0
45,42970.78,18218.92,556,0.396,27,19,1,60,MORTGAGE,1
38,89135.35,15098.89,620,0.546,1,13,0,24,RENT,1
45,59324.09,2671.42,624,0.271,27,0,0,48,RENT,0
67,71097.61,10040.37,601,0.378,7,12,0,24,OWN,1
24,57474.8,11741.55,724,0.335,9,14,1,12,OWN,0
69,43269.69,11773.64,498,0.359,32,6,1,60,MORTGAGE,1
43,55219.66,15599.85,491,0.217,8,17,0,24,OWN,1
58,83719.88,26404.33,650,0.436,19,19,1,24,MORTGAGE,0
41,66104.8,21496.77,658,0.413,36,19,1,36,RENT,0
36,20770.54,7099.86,682,0.543,38,1,0,36,RENT,1
58,50695.11,20427.22,607,0.348,17,8,1,24,OWN,1
54,90645.88,20122.42,577,0.288,3,15,2,60,OWN,1
28,50724.06,8551.46,649,0.468,11,8,0,24,OWN,1
55,18990.43,21790.93,615,0.231,24,9,1,36,RENT,1
57,92860.98,13716.99,774,0.513,13,6,1,48,OWN,0
40,68647.85,3720.37,624,0.512,28,8,0,60,RENT,0
66,53599.74,18641.62,646,0.539,39,13,0,36,MORTGAGE,0
52,47571.65,16735.69,848,0.406,24,0,1,36,RENT,0
37,76647.04,13178.58,634,0.277,24,15,0,60,MORTGAGE,0
21,44160.33,14700.38,694,0.366,21,14,0,36,RENT,0
54,77965.13,9247.32,702,0.407,7,2,0,24,OWN,0
31,65843.91,19881.04,709,0.266,23,15,0,12,OWN,0
58,59893.64,14652.39,673,0.55,37,10,0,24,RENT,0
46,57910.3,16331.59,666,0.437,27,6,0,12,OWN,1
43,51500.64,17857.14,658,0.216,30,9,0,24,RENT,0
29,75912.8,5763.32,604,0.632,34,10,0,36,MORTGAGE,0
55,37693.14,7845.74,676,0.365,15,4,0,36,MORTGAGE,0
29,22561.5,1000.0,812,0.186,13,12,1,12,RENT,0
41,67288.8,19517.94,747,0.225,38,12,1,36,OWN,0
61,67624.77,5302.32,674,0.573,18,7,0,36,RENT,0
66,64604.82,16060.56,718,0.624,29,9,1,12,OWN,0
69,63154.57,17967.91,580,0.501,25,12,1,24,MORTGAGE,1
67,48589.19,19818.82,629,0.548,4,10,0,48,OWN,1
48,70749.65,5367.86,726,0.532,12,8,0,12,MORTGAGE,0
30,54088.84,14478.71,769,0.434,13,19,0,24,MORTGAGE,0
62,45257.73,28362.24,588,0.399,7,17,0,36,RENT,1
60,48762.17,28714.52,611,0.431,31,7,0,12,RENT,0
69,95412.79,22898.58,825,0.46,38,14,0,48,OWN,0
52,20300.48,17699.95,658,0.239,38,16,0,48,MORTGAGE,0
27,64995.76,6959.15,796,0.46,7,2,1,24,RENT,0
45,21417.79,20748.97,667,0.569,17,11,1,24,RENT,1
42,52835.33,13735.83,670,0.319,9,15,0,48,MORTGAGE,0
62,46327.45,19484.23,626,0.303,2,1,0,24,RENT,1
40,13299.43,9937.25,725,0.421,24,6,1,12,OWN,0
37,62780.75,13616.54,759,0.253,34,15,0,12,MORTGAGE,0
24,47399.24,16313.18,567,0.152,3,18,0,12,RENT,1
61,13015.87,16970.22,622,0.522,25,19,1,60,RENT,1
58,71791.36,18949.78,723,0.282,1,12,0,60,MORTGAGE,0
23,83700.12,10366.44,640,0.353,33,0,1,36,RENT,1
42,84802.49,4253.72,611,0.258,2,0,0,60,MORTGAGE,0
44,62179.13,27998.28,731,0.542,17,16,1,48,OWN,0
43,55921.16,34914.03,738,0.478,4,14,0,36,RENT,0
66,81563.13,18579.37,614,0.314,16,3,0,48,OWN,0
28,88647.67,4408.06,667,0.173,17,2,1,36,RENT,0
36,77671.37,8814.44,553,0.298,21,2,0,60,MORTGAGE,1
29,36169.25,19072.94,578,0.436,33,17,0,60,OWN,1
32,59026.9,25728.92,660,0.378,39,15,0,60,MORTGAGE,0
65,63790.32,5296.87,653,0.366,13,18,0,36,RENT,0
67,18807.66,14005.34,573,0.382,36,2,0,36,MORTGAGE,1
23,64387.21,16567.46,593,0.464,17,13,0,12,RENT,0
51,100459.84,21916.63,565,0.344,4,18,0,48,OWN,0
32,67798.72,12251.19,686,0.418,24,10,0,12,MORTGAGE,0
30,84468.26,2489.48,493,0.202,28,15,0,36,MORTGAGE,1
35,58658.29,19969.58,569,0.733,12,12,0,12,MORTGAGE,1
30,53535.63,23998.37,501,0.307,23,0,0,36,MORTGAGE,1
45,62625.43,14339.27,684,0.381,17,8,0,48,MORTGAGE,0
69,38683.47,18241.92,506,0.435,5,5,0,24,OWN,1
49,35724.5,11204.07,653,0.288,15,1,1,48,MORTGAGE,0
56,80326.09,8233.82,781,0.351,17,11,0,24,OWN,0
45,82446.85,23211.41,784,0.349,13,18,0,24,OWN,0
21,35177.87,18099.97,506,0.213,36,1,1,12,RENT,1
25,74359.98,18922.95,674,0.416,15,6,1,12,OWN,0
34,53260.8,27016.92,571,0.103,25,13,0,24,RENT,0
32,61796.17,6561.26,555,0.613,0,6,0,12,MORTGAGE,1
62,64204.37,10583.79,641,0.469,12,2,1,60,RENT,1
62,74887.01,16263.47,748,0.446,35,3,2,48,RENT,0
62,56654.36,10485.49,698,0.09,35,0,0,24,RENT,0
52,83203.24,21265.09,593,0.231,39,19,0,60,RENT,0
48,61188.26,13500.81,706,0.558,2,9,0,24,MORTGAGE,0
52,67483.69,7059.74,471,0.973,34,18,0,36,RENT,1
40,38334.75,15526.17,590,0.529,10,13,0,48,OWN,1
53,98173.18,16362.71,584,0.506,0,6,1,48,MORTGAGE,1
59,64396.5,22477.46,656,0.429,3,18,1,12,OWN,0
58,69259.95,18145.13,634,0.223,30,5,0,24,OWN,0
51,22836.28,18689.17,639,0.499,23,3,0,24,OWN,1
23,38545.96,17562.33,636,0.185,22,16,0,36,OWN,0
56,79757.67,13494.22,652,0.168,35,11,1,60,MORTGAGE,0
38,60737.82,9270.25,693,0.159,3,8,1,36,OWN,0
57,16724.41,17310.71,662,0.496,3,11,0,36,MORTGAGE,1
47,75765.8,12335.0,627,0.341,37,19,1,12,MORTGAGE,0
64,44124.34,28518.58,682,0.365,24,5,1,36,RENT,0
37,83226.34,25737.46,716,0.348,31,18,0,36,RENT,0
66,53243.29,20062.71,606,0.181,20,18,0,48,OWN,0
62,59094.13,18027.74,645,0.249,5,15,0,60,OWN,0
37,78579.09,14296.33,743,0.257,20,3,1,36,RENT,0
44,37050.14,4911.01,562,0.139,38,1,0,12,MORTGAGE,0
47,35143.06,13270.62,794,0.274,4,2,0,60,OWN,0
58,51070.03,15811.2,543,0.188,5,14,0,36,OWN,1
54,71543.46,16835.65,622,0.437,13,7,1,36,MORTGAGE,1
62,28382.45,18756.29,574,0.449,18,19,1,60,OWN,1
39,21639.31,22370.64,825,0.156,25,0,0,36,OWN,0
45,71474.42,9462.77,610,0.306,6,7,0,48,RENT,0
42,42940.43,9535.4,610,0.628,37,5,0,60,MORTGAGE,0
65,47155.48,26606.85,620,0.203,6,17,1,36,MORTGAGE,0
35,17863.79,21167.85,658,0.414,8,2,0,60,MORTGAGE,1
49,41420.41,11873.83,624,0.366,38,8,1,12,OWN,1
26,54848.65,14142.31,639,0.514,15,17,1,60,RENT,1
62,73607.56,14178.29,368,0.394,22,19,0,60,MORTGAGE,1
39,39575.4,15252.59,655,0.285,17,18,0,12,OWN,0
37,88147.52,18781.46,651,0.36,10,13,2,12,MORTGAGE,0
49,41308.88,35279.94,733,0.362,20,3,0,12,RENT,0
45,41338.16,16518.05,755,0.336,31,1,0,24,MORTGAGE,0
62,85747.15,20300.79,635,0.152,0,8,0,60,MORTGAGE,0
47,59229.2,1508.19,715,0.536,35,9,0,12,RENT,0
46,43959.51,11120.8,562,0.51,7,10,0,12,OWN,1
26,51897.34,24830.52,711,0.193,36,0,1,36,OWN,0
22,82061.47,18218.52,604,0.305,38,13,0,24,OWN,0
40,84324.06,1000.0,555,0.316,37,7,1,48,RENT,0
69,38664.14,20392.19,635,0.177,26,2,0,48,RENT,0
65,54151.32,30345.32,762,0.07,36,18,1,60,RENT,0
51,56803.14,1000.0,664,0.249,34,7,0,36,OWN,0
51,35275.2,27155.1,770,0.297,25,4,0,36,RENT,0
40,53886.3,1000.0,590,0.134,35,9,1,12,OWN,1
29,55106.46,22503.99,734,0.377,13,19,0,60,OWN,0
21,77804.19,14930.81,598,0.524,33,16,0,24,MORTGAGE,1
37,79148.5,1000.0,668,0.476,37,1,0,36,OWN,0
36,48415.81,18569.1,667,0.331,25,13,0,60,RENT,0
30,50720.94,24206.72,703,0.074,4,13,0,48,OWN,0
33,68285.85,17911.1,670,0.457,8,17,1,48,RENT,0
22,43296.23,19678.62,591,0.372,6,19,3,12,RENT,1
50,66772.8,11706.59,720,0.414,21,14,0,48,MORTGAGE,0
66,53241.87,1000.0,789,0.64,17,13,1,12,RENT,0
54,35612.03,20534.91,603,0.226,33,7,0,48,RENT,0
42,35863.27,28998.03,503,0.0,11,17,0,36,OWN,1
41,83941.17,24036.65,690,0.192,6,18,0,36,OWN,0
36,51871.57,1000.0,624,0.423,24,19,0,48,MORTGAGE,0
27,87807.08,2880.84,640,0.354,5,19,1,48,MORTGAGE,0
50,44727.27,8232.26,694,0.168,36,12,0,24,RENT,0
48,60824.1,2256.2,613,0.137,3,19,0,24,MORTGAGE,1
21,102853.53,15353.52,628,0.297,19,15,1,36,MORTGAGE,0
41,33852.27,18147.33,642,0.163,37,4,0,12,RENT,0
34,17043.71,3557.97,768,0.428,22,0,1,24,OWN,0
29,80731.8,21217.03,652,0.288,32,19,0,12,MORTGAGE,0
55,38463.82,19808.83,551,0.256,16,8,0,36,OWN,1
46,54585.87,10614.73,554,0.236,30,17,0,24,OWN,0
52,43281.64,13619.82,661,0.389,28,5,1,24,MORTGAGE,1
55,60363.26,1000.0,560,0.356,20,7,1,60,OWN,1
69,35989.28,12341.9,525,0.38,4,16,0,12,OWN,1
60,51401.2,15059.08,701,0.377,38,10,0,12,RENT,0
51,63996.31,16349.98,705,0.339,1,13,0,24,OWN,0
64,34833.82,18031.02,621,0.195,14,6,1,12,RENT,0
44,40998.32,16953.93,673,0.24,25,12,0,60,MORTGAGE,0
69,48052.34,12885.25,665,0.291,30,9,1,60,RENT,0
58,26423.69,17289.56,698,0.66,21,18,0,60,RENT,1
52,46548.78,23016.26,698,0.148,16,9,0,48,OWN,0
65,57375.93,14236.02,442,0.287,16,1,0,12,OWN,1
46,47009.02,17540.76,631,0.365,39,14,1,36,OWN,1
56,49572.47,13510.63,691,0.305,13,19,1,12,MORTGAGE,0
34,54601.97,9825.93,617,0.511,34,17,1,24,RENT,1
68,41885.13,19183.04,653,0.304,2,2,0,36,MORTGAGE,1
51,68821.25,10558.19,710,0.315,26,19,1,48,RENT,0
59,83719.56,18089.18,656,0.472,27,6,0,24,OWN,0
43,45712.39,15226.04,771,0.622,27,16,1,24,RENT,0
63,64703.96,12568.52,740,0.561,16,12,0,60,RENT,0
24,50207.66,12374.86,641,0.33,27,19,0,24,RENT,0
26,62309.75,10935.03,634,0.343,17,6,0,36,RENT,0
45,86315.59,1833.59,422,0.357,23,12,1,24,OWN,1
56,65173.19,18063.16,624,0.372,35,13,0,60,MORTGAGE,0
60,19531.71,16852.37,542,0.223,26,3,1,36,MORTGAGE,1
42,64079.91,21797.36,668,0.49,29,15,0,12,MORTGAGE,0
52,79657.27,10748.34,662,0.381,38,2,1,12,OWN,0
48,50568.08,30163.07,706,0.343,8,16,0,60,RENT,0
68,74912.7,11962.11,762,0.159,23,2,1,60,RENT,0
53,41197.69,7999.12,648,0.359,26,3,1,48,RENT,0
41,25289.22,7050.52,832,0.066,27,9,0,12,OWN,0
68,57823.38,1128.62,669,0.263,5,3,0,48,MORTGAGE,0
26,19870.47,27261.02,545,0.266,30,1,0,48,OWN,1
69,50204.58,25968.54,605,0.393,7,1,1,60,OWN,1
28,80736.85,19805.96,620,0.632,16,5,0,36,OWN,1
35,16804.74,7831.29,697,0.436,28,9,0,36,MORTGAGE,0
61,29410.06,29490.14,574,0.567,10,0,0,48,MORTGAGE,1
56,34359.36,12186.25,626,0.447,5,2,0,12,OWN,1
68,53733.6,12847.79,637,0.519,27,12,0,48,MORTGAGE,1
57,47685.66,26498.07,614,0.629,11,6,0,36,OWN,1
52,82982.73,20271.28,715,0.24,33,15,2,12,RENT,0
37,74086.97,32608.83,701,0.23,35,16,1,60,RENT,0
21,64905.46,16989.78,743,0.45,13,0,0,24,MORTGAGE,0
27,57912.61,11823.75,624,0.349,29,18,0,60,OWN,0
35,62864.6,10105.56,746,0.383,8,13,1,24,MORTGAGE,0
23,37760.35,1000.0,541,0.313,37,16,0,36,RENT,1
45,72144.21,12771.23,539,0.261,9,9,1,36,OWN,1
59,32759.11,24156.75,553,0.593,35,0,1,48,RENT,1
68,71707.54,19790.67,651,0.185,31,17,1,12,MORTGAGE,0
44,78722.85,15162.46,746,0.453,12,11,0,24,RENT,0
63,59217.29,7040.52,602,0.429,32,0,1,12,RENT,0
69,51475.74,16814.98,612,0.113,25,3,1,24,RENT,1
63,63006.2,23102.51,633,0.225,26,4,0,36,OWN,1
43,12000.0,18445.75,696,0.251,15,7,0,36,MORTGAGE,0
36,61045.16,16333.88,612,0.435,9,8,1,60,MORTGAGE,1
68,52732.92,8624.34,607,0.295,27,8,1,36,RENT,1
32,53987.44,21937.45,542,0.337,2,17,0,36,OWN,1
41,69130.65,1000.0,604,0.131,13,18,0,12,OWN,0
24,53504.62,18062.77,744,0.699,5,13,1,12,MORTGAGE,0
59,32195.86,35562.58,657,0.361,0,12,1,48,MORTGAGE,1
52,52171.95,2933.01,591,0.425,0,17,0,48,RENT,1
25,56351.11,13069.04,749,0.269,3,5,0,36,RENT,0
31,57298.68,14936.71,603,0.252,37,11,0,36,OWN,0
48,58238.39,11299.34,764,0.637,30,12,0,36,OWN,0
47,75787.38,23290.99,762,0.062,39,5,0,60,MORTGAGE,0
60,33279.31,18779.61,654,0.392,3,19,1,12,MORTGAGE,0
34,58514.01,16218.4,530,0.168,39,4,1,36,RENT,0
66,80798.59,21378.18,833,0.289,23,1,0,24,OWN,0
42,20307.77,15134.01,681,0.254,31,6,1,12,OWN,1
61,58592.93,40438.92,624,0.202,34,16,0,48,OWN,1
32,43292.43,16210.78,726,0.355,10,7,0,48,RENT,0
22,47585.79,16562.26,706,0.0,29,4,0,60,MORTGAGE,0
23,36903.85,1316.26,755,0.303,25,17,1,12,RENT,0
39,51608.99,10652.4,597,0.336,16,3,0,12,MORTGAGE,1
67,91825.11,24179.02,675,0.146,19,3,1,36,MORTGAGE,0
23,29711.39,4316.35,555,0.577,8,17,1,60,MORTGAGE,1
39,31607.8,1000.0,703,0.261,7,6,0,60,RENT,0
26,28961.31,15258.52,648,0.314,36,0,0,48,OWN,0
66,89548.37,25965.96,672,0.261,29,8,0,60,RENT,0
54,45753.21,15339.05,638,0.338,22,14,0,60,OWN,0
58,54487.22,12311.0,630,0.546,27,15,0,24,MORTGAGE,1
55,46944.34,1000.0,581,0.721,16,1,0,36,OWN,1
53,36111.54,18618.03,713,0.462,9,5,0,48,RENT,0
58,50296.99,20290.2,769,0.513,37,12,0,24,RENT,0
21,104164.87,1000.0,605,0.607,39,13,0,60,RENT,0
63,82841.42,24076.26,694,0.387,8,12,0,48,OWN,0
57,37941.24,21125.56,685,0.586,32,6,0,36,OWN,1
57,67951.48,24058.53,651,0.469,17,17,0,36,MORTGAGE,0
40,38369.54,19668.2,528,0.372,28,1,0,48,RENT,1
60,19472.65,20229.46,546,0.403,4,16,0,24,RENT,1
39,75390.22,19165.77,588,0.077,19,18,0,24,RENT,0
23,78201.86,21947.78,479,0.394,4,13,1,36,MORTGAGE,1
65,75921.05,1000.0,763,0.118,32,8,0,12,RENT,0
32,45602.7,2991.52,679,0.106,15,7,0,36,MORTGAGE,0
25,51664.49,9111.94,648,0.379,10,8,0,36,OWN,0
51,69995.31,13961.44,475,0.183,27,3,0,36,RENT,1
32,62829.92,18105.1,504,0.349,38,4,1,36,OWN,1
63,47127.25,17597.45,650,0.371,13,12,2,60,RENT,0
42,22618.56,23936.85,808,0.377,28,11,1,24,MORTGAGE,0
21,57277.5,24187.96,594,0.214,27,9,1,36,MORTGAGE,1
67,76580.19,8020.92,719,0.485,19,9,0,48,RENT,0
46,31048.23,16908.61,612,0.337,32,1,0,24,RENT,0
33,67775.19,8217.35,654,0.416,5,17,0,48,OWN,0
54,61630.83,13494.02,747,0.171,35,19,0,60,MORTGAGE,0
46,70002.97,17574.33,622,0.323,16,4,1,24,OWN,0
22,72439.51,1000.0,595,0.515,1,6,1,24,RENT,1
58,41110.7,34289.95,763,0.496,39,12,0,12,RENT,0
40,22660.81,19531.27,654,0.23,30,0,0,12,RENT,0
55,44329.61,10234.37,737,0.268,32,2,0,24,MORTGAGE,0
64,72782.55,30418.96,595,0.202,5,18,0,60,RENT,1
50,44159.92,12220.55,763,0.252,30,3,0,24,MORTGAGE,0
53,41119.13,16060.16,672,0.14,27,11,0,60,RENT,1
33,18572.99,11103.07,685,0.329,36,17,1,60,MORTGAGE,0
32,90052.95,28215.93,661,0.445,14,14,1,48,MORTGAGE,0
41,71514.27,14160.12,610,0.232,37,5,0,60,MORTGAGE,0
62,70397.92,16195.87,650,0.336,28,3,2,36,RENT,0
46,74354.51,24630.26,615,0.317,10,14,1,60,RENT,1
38,66534.17,19681.12,727,0.508,8,8,1,36,RENT,0
59,50113.42,14565.22,634,0.258,36,19,0,12,OWN,0
62,51724.72,23883.13,530,0.264,25,12,1,60,MORTGAGE,1
65,46448.71,35307.87,516,0.223,4,0,0,60,MORTGAGE,1
35,107694.82,17539.28,512,0.179,5,5,0,60,MORTGAGE,1
55,66118.24,15934.08,699,0.429,33,14,0,36,RENT,0
49,45723.99,16365.02,558,0.33,6,14,1,12,OWN,1
42,64309.94,25483.44,674,0.358,8,14,0,36,MORTGAGE,0
40,34782.62,10206.42,661,0.541,24,4,0,60,MORTGAGE,0
26,85090.13,12773.46,645,0.55,34,4,1,60,RENT,0
34,41778.62,2700.46,685,0.103,13,4,0,48,RENT,0
47,65021.71,5529.06,663,0.447,26,13,1,48,RENT,0
64,76319.55,10857.6,433,0.384,28,0,1,12,MORTGAGE,1
63,62695.37,14552.5,624,0.281,24,16,0,48,OWN,0
30,56889.4,29152.67,684,0.399,27,5,0,12,MORTGAGE,0
54,55216.04,19287.94,781,0.091,9,9,0,48,MORTGAGE,0
25,53871.18,7703.37,785,0.569,24,4,0,12,MORTGAGE,0
54,43466.03,9176.16,541,0.427,0,8,0,36,OWN,1
37,46010.33,25997.99,622,0.22,29,15,0,60,OWN,0
43,84591.81,24012.88,525,0.262,31,3,0,12,RENT,1
56,52829.27,15225.2,772,0.095,31,11,0,36,MORTGAGE,0
41,39284.07,11459.79,731,0.303,1,1,0,12,MORTGAGE,0
60,44674.05,23999.46,678,0.278,36,3,1,48,OWN,0
47,77007.41,7053.38,663,0.151,17,13,0,60,OWN,0
69,68512.13,18136.24,760,0.467,3,11,1,12,MORTGAGE,0
52,66206.58,33181.27,747,0.542,21,12,0,36,OWN,0
35,49849.58,16642.85,743,0.346,22,4,0,48,MORTGAGE,0
58,66467.25,8795.12,687,0.304,16,4,1,12,RENT,0
40,42128.78,18282.95,622,0.415,29,8,0,36,RENT,0
47,49807.72,11239.93,711,0.347,21,2,0,12,MORTGAGE,0
27,74396.09,3847.07,715,0.188,8,17,1,60,MORTGAGE,0
26,72485.55,20608.29,635,0.252,24,5,1,36,RENT,0
49,35361.8,23942.68,622,0.306,10,14,0,36,MORTGAGE,1
30,37889.47,12512.75,741,0.387,4,3,0,60,RENT,0
69,57174.04,11982.11,783,0.351,10,13,1,48,MORTGAGE,0
62,89522.65,7307.48,590,0.382,36,4,0,24,RENT,0
55,16688.7,13800.52,629,0.121,22,5,1,48,OWN,0
57,60566.66,10501.05,678,0.45,12,8,0,24,MORTGAGE,0
50,27479.13,6911.74,689,0.351,14,2,0,36,MORTGAGE,0
23,42313.38,30137.35,608,0.733,34,2,0,60,OWN,1
40,47711.43,18731.94,801,0.292,26,15,0,60,RENT,0
45,46589.83,19579.16,684,0.399,30,6,0,60,MORTGAGE,0
65,44324.08,22067.2,693,0.774,24,11,0,36,MORTGAGE,1
31,55144.14,21168.29,791,0.379,39,12,1,60,OWN,0
45,44294.89,11695.12,614,0.34,26,12,1,60,RENT,1
37,25750.85,17180.42,643,0.202,16,12,0,36,MORTGAGE,0
27,70597.39,12847.76,550,0.579,10,19,0,12,OWN,1
26,70057.44,18507.71,636,0.176,1,12,1,12,OWN,1
38,71863.49,17733.53,531,0.414,30,6,0,48,RENT,1
25,24185.31,11938.72,710,0.279,37,5,0,60,MORTGAGE,0
24,60978.36,4365.61,684,0.322,26,16,0,60,MORTGAGE,0
38,68519.58,16169.9,628,0.136,19,8,0,24,RENT,0
30,34375.96,13365.84,642,0.551,5,11,0,60,OWN,1
48,55183.46,1000.0,711,0.308,25,16,2,60,OWN,0
21,52674.67,19061.29,559,0.168,8,4,0,36,MORTGAGE,1
35,91843.01,22722.74,666,0.538,24,4,0,24,OWN,0
43,93489.92,35226.85,706,0.274,12,1,0,36,MORTGAGE,0
68,21712.87,11870.42,507,0.4,34,1,0,48,MORTGAGE,1
52,104878.54,10690.3,705,0.476,37,12,1,60,OWN,0
64,36695.49,6124.63,516,0.421,9,10,0,12,OWN,1
37,74613.47,16669.14,641,0.021,13,5,0,24,MORTGAGE,0
43,74409.96,16618.55,557,0.454,36,4,0,12,OWN,1
41,35086.2,8509.63,764,0.335,0,13,2,60,MORTGAGE,0
64,64865.36,13600.56,557,0.301,20,1,1,36,RENT,1
68,52849.33,1000.0,518,0.334,5,14,1,24,OWN,1
68,66086.6,22411.01,661,0.108,17,18,0,24,OWN,0
57,59613.45,8834.57,617,0.379,1,9,0,12,OWN,1
45,78926.79,14722.75,530,0.145,5,9,0,36,MORTGAGE,1
47,56507.99,3586.45,692,0.307,16,10,1,48,RENT,0
69,51642.52,10341.17,491,0.373,2,1,3,24,MORTGAGE,1
34,76921.28,12763.27,567,0.511,31,12,0,36,RENT,0
37,66607.92,14909.67,604,0.227,23,7,1,48,OWN,0
64,69636.27,18837.86,714,0.568,18,9,0,24,OWN,0
39,41708.27,26512.6,754,0.492,18,0,1,48,RENT,1
32,34094.74,20861.69,738,0.286,33,17,0,24,OWN,0
48,43645.56,22697.32,638,0.184,33,6,1,36,MORTGAGE,0
36,42583.57,26568.83,456,0.133,1,1,1,60,OWN,1
64,70723.99,19557.66,681,0.391,27,15,0,60,OWN,0
65,74519.68,14706.34,768,0.239,18,19,0,36,MORTGAGE,0
35,51897.39,23072.9,749,0.53,31,10,0,24,MORTGAGE,0
46,83618.38,23584.07,687,0.248,31,0,0,60,RENT,0
69,82369.39,20188.53,555,0.215,28,19,2,36,MORTGAGE,1
57,59867.98,3362.98,608,0.385,26,4,0,24,MORTGAGE,0
31,38562.16,8268.32,805,0.247,8,4,0,36,MORTGAGE,0
49,86507.53,12801.17,537,0.351,34,14,0,36,MORTGAGE,0
51,53779.65,21236.97,558,0.498,28,6,0,60,RENT,1
53,57523.3,14829.23,725,0.368,10,1,0,24,MORTGAGE,0
22,48207.9,24094.95,616,0.368,9,13,0,12,MORTGAGE,1
35,37204.19,25521.89,555,0.381,20,5,0,36,OWN,1
62,25627.21,24593.36,772,0.096,13,17,0,60,RENT,0
32,67657.37,24644.32,687,0.409,27,3,1,12,RENT,0
35,39331.98,6704.05,619,0.374,16,18,0,60,RENT,1
36,116190.62,18861.08,558,0.484,6,14,0,12,MORTGAGE,1
29,33278.53,10139.77,814,0.441,15,4,0,36,RENT,0
28,29852.35,1807.47,648,0.32,32,11,1,36,MORTGAGE,0
38,65202.77,12700.23,762,0.505,33,18,1,12,RENT,0
63,85586.27,25597.9,721,0.306,12,1,0,48,MORTGAGE,0
21,56291.79,18685.94,608,0.387,31,16,0,12,RENT,0
34,66444.85,31142.47,609,0.303,3,9,0,36,RENT,1
23,18129.05,16417.84,766,0.419,39,18,0,36,RENT,0
48,41449.77,34582.42,767,0.294,30,4,0,36,OWN,0
33,33527.69,16420.17,500,0.597,1,14,0,12,MORTGAGE,1
59,17099.08,15179.84,694,0.653,28,19,0,36,OWN,0
49,57339.6,4764.88,640,0.481,19,6,0,48,OWN,0
59,12000.0,23884.5,567,0.581,35,2,0,36,OWN,1
52,28556.08,10983.0,671,0.119,9,7,0,48,OWN,0
42,44256.12,9823.62,542,0.137,35,11,1,48,MORTGAGE,0
63,38374.28,25249.84,613,0.302,34,12,0,12,RENT,1
44,62928.17,24265.78,586,0.356,11,9,0,60,RENT,1
67,61111.6,24056.41,610,0.32,17,18,0,60,RENT,1
69,72875.97,12102.47,644,0.104,25,11,1,60,RENT,0
49,70047.67,14592.19,569,0.523,9,12,2,60,RENT,1
54,77816.26,14521.16,776,0.673,39,19,1,24,RENT,0
33,54961.63,21260.15,689,0.542,7,18,1,48,RENT,0
60,61069.34,27428.52,794,0.513,9,6,1,36,RENT,1
53,65230.27,17945.17,637,0.384,20,5,0,60,OWN,1
65,57833.13,30799.13,606,0.224,18,14,1,60,RENT,1
34,47056.11,22177.56,791,0.361,2,10,0,12,OWN,0
59,48351.15,13121.6,604,0.666,36,8,0,60,RENT,1
44,38648.83,21629.69,636,0.297,9,13,0,48,MORTGAGE,1
30,63432.34,28647.52,708,0.282,4,13,0,36,OWN,0
29,53119.7,30986.31,551,0.516,20,18,0,36,OWN,1
48,41736.52,24495.13,707,0.526,37,7,0,36,MORTGAGE,0
36,41755.1,15205.4,697,0.223,0,15,1,48,MORTGAGE,0
25,30792.03,13266.45,752,0.311,19,4,1,48,MORTGAGE,0
41,74576.83,19608.56,721,0.275,36,18,1,36,OWN,0
52,56572.35,28391.8,754,0.36,35,1,1,60,OWN,0
36,37744.0,18470.15,641,0.516,6,15,0,24,OWN,1
67,71170.95,18636.25,581,0.229,24,2,1,36,RENT,1
59,43791.02,15411.18,819,0.513,33,17,0,36,OWN,0
46,26869.99,12376.87,528,0.365,26,19,0,12,MORTGAGE,1
66,75424.45,13702.92,536,0.699,26,16,1,36,RENT,0
42,44258.06,16083.41,695,0.398,30,15,0,60,OWN,0
27,46822.02,28744.8,780,0.335,18,9,1,48,RENT,0
22,55823.6,13082.29,665,0.436,2,4,0,48,RENT,0
66,77851.78,15420.9,730,0.299,25,19,0,12,RENT,0
68,55400.75,8076.98,490,0.081,25,10,0,12,OWN,1
57,31017.66,20733.05,610,0.314,34,16,0,36,RENT,1
26,65877.54,25933.43,500,0.312,36,14,1,24,MORTGAGE,1
35,45300.21,27995.98,712,0.111,13,14,2,12,OWN,0
23,92758.48,16626.92,526,0.339,38,7,0,36,OWN,0
23,54977.61,19594.83,548,0.04,0,8,0,48,OWN,1
33,12000.0,13771.6,691,0.298,38,8,1,48,MORTGAGE,0
49,62147.3,19224.15,735,0.387,5,12,0,12,RENT,0
24,93891.96,17511.72,637,0.365,25,14,0,48,RENT,0
69,86518.41,15466.12,696,0.288,27,3,0,24,OWN,0
43,91619.09,16102.03,693,0.337,25,4,1,12,RENT,0
33,34604.8,18615.38,633,0.232,39,0,0,36,OWN,0
46,73243.05,12646.78,562,0.352,22,10,0,24,RENT,1
59,40560.11,13060.03,695,0.359,5,13,0,48,MORTGAGE,0
36,59485.79,28658.9,699,0.215,24,4,0,48,MORTGAGE,0
23,29540.95,36684.37,722,0.39,11,14,3,48,RENT,1
23,42110.88,5365.06,675,0.389,24,0,0,12,OWN,0
62,41475.07,4924.23,557,0.325,15,17,0,24,RENT,1
26,72971.11,7342.78,705,0.713,1,13,0,36,OWN,0
52,71014.38,14173.69,650,0.329,25,13,1,60,OWN,0
39,60536.39,22166.24,611,0.308,3,14,0,36,MORTGAGE,1
59,27991.57,19730.02,626,0.287,13,7,0,48,RENT,1
23,48767.21,16376.25,595,0.204,24,19,1,24,OWN,1
64,40077.67,19231.48,721,0.453,35,14,1,24,MORTGAGE,0
55,72393.52,9463.31,537,0.247,12,3,0,48,RENT,1
43,78563.7,13047.02,571,0.265,11,18,2,60,RENT,1
31,76127.71,14839.24,624,0.269,12,14,0,12,MORTGAGE,0
68,39895.61,2326.27,779,0.202,23,6,0,36,RENT,0
35,12000.0,5709.52,734,0.087,7,18,1,48,RENT,0
45,19660.76,6027.47,519,0.281,21,4,0,12,MORTGAGE,1
40,83432.54,21112.87,758,0.481,32,12,0,48,OWN,0
32,46974.9,16962.84,758,0.38,3,13,0,36,RENT,0
41,39985.51,19888.49,556,0.584,38,19,1,36,MORTGAGE,1
28,87853.21,1000.0,448,0.463,21,11,0,36,OWN,1
21,80303.2,3131.47,644,0.429,25,19,0,60,OWN,0
35,55488.97,20305.72,740,0.632,24,5,0,12,MORTGAGE,0
26,49131.94,1000.0,777,0.335,37,16,0,24,RENT,0
41,52357.98,24797.03,580,0.359,26,4,0,24,OWN,1
63,59543.26,1000.0,790,0.348,35,19,0,60,OWN,0
28,87000.95,21746.76,472,0.582,11,15,0,36,RENT,1
21,63449.35,7891.32,621,0.35,8,12,0,12,RENT,0
26,69520.58,23391.23,617,0.253,25,1,0,12,RENT,0
45,78385.4,40665.29,742,0.438,6,9,0,60,RENT,0
34,31606.48,1000.0,754,0.228,4,2,0,12,RENT,0
44,70097.24,20563.02,726,0.43,8,18,1,12,OWN,0
22,49108.62,1000.0,542,0.412,10,7,0,36,MORTGAGE,1
37,12000.0,18414.15,719,0.322,3,16,1,36,RENT,0
41,12436.61,13345.82,691,0.435,29,18,0,24,RENT,0
42,34637.65,16038.26,516,0.127,23,2,0,12,RENT,1
48,65624.46,7706.51,485,0.374,8,15,1,12,RENT,1
59,57275.99,21244.33,733,0.281,11,6,1,36,OWN,0
43,58687.33,3413.14,636,0.779,37,2,1,60,OWN,0
62,94018.87,24933.1,547,0.373,36,5,1,12,OWN,1
46,29618.21,11726.0,633,0.261,4,10,1,36,MORTGAGE,1
33,54451.33,3778.47,679,0.143,24,17,0,12,OWN,0
32,61088.71,27759.49,643,0.546,12,13,1,48,OWN,1
36,40274.54,14461.26,526,0.297,14,4,1,12,MORTGAGE,1
50,55566.53,30261.09,801,0.231,23,5,0,24,RENT,0
32,23001.01,24770.85,730,0.4,39,6,0,12,RENT,0
65,83198.12,8614.83,623,0.447,23,14,0,48,RENT,0
44,41367.71,14320.08,626,0.445,38,10,0,48,RENT,0
63,95628.0,15968.3,679,0.353,32,0,0,12,MORTGAGE,0
54,54350.51,27210.43,560,0.374,31,1,2,36,MORTGAGE,1
37,75561.07,18500.14,676,0.385,31,1,0,24,OWN,0
32,53933.94,16410.34,544,0.4,31,19,0,12,RENT,1
57,54385.12,13400.96,644,0.414,10,10,1,12,MORTGAGE,0
37,43319.41,14595.54,557,0.514,39,9,0,60,MORTGAGE,1
33,57382.48,25436.74,561,0.358,36,15,1,48,OWN,1
66,61359.97,15029.64,782,0.227,24,3,1,48,MORTGAGE,0
44,39314.83,11840.02,655,0.328,28,0,0,24,OWN,0
23,52499.11,10483.94,667,0.463,35,5,0,24,OWN,0
45,42798.02,10569.88,489,0.082,6,4,1,48,OWN,1
43,100993.28,3783.23,602,0.083,2,15,1,36,RENT,0
63,53205.38,8997.0,687,0.488,39,16,1,12,RENT,0
55,85904.64,26987.36,666,0.578,22,12,0,36,OWN,0
30,51087.55,13347.21,478,0.16,28,18,1,36,MORTGAGE,1
28,60185.75,20635.29,667,0.365,20,9,1,36,MORTGAGE,0
50,28572.72,1000.0,679,0.29,20,4,1,36,RENT,0
23,46058.55,19546.49,753,0.311,1,6,1,60,RENT,0
36,59210.69,13709.18,598,0.396,11,2,0,24,OWN,1
27,86720.08,11148.48,471,0.156,3,18,0,36,MORTGAGE,1
22,59439.66,16447.68,570,0.184,17,12,0,60,OWN,0
66,82674.41,11033.4,562,0.305,0,15,0,60,MORTGAGE,1
25,67814.58,1000.0,709,0.328,32,5,1,60,MORTGAGE,0
21,87548.03,22377.98,433,0.181,11,14,0,48,MORTGAGE,1
66,53819.16,16944.14,614,0.468,29,6,0,12,OWN,0
30,102804.45,12488.46,764,0.287,2,8,2,60,RENT,0
61,45292.08,7270.52,651,0.287,1,13,1,12,RENT,0
22,39670.76,3241.14,722,0.392,16,19,1,36,MORTGAGE,0
28,30798.94,16791.14,519,0.331,31,11,0,36,RENT,1
26,101620.49,27907.53,522,0.476,32,14,0,48,MORTGAGE,1
55,71388.95,16625.33,765,0.21,21,11,1,48,OWN,0
51,48317.59,3937.91,658,0.14,24,8,0,48,RENT,0
44,79980.45,16800.93,658,0.304,27,18,0,24,MORTGAGE,1
32,68753.84,14573.26,561,0.359,26,19,1,48,MORTGAGE,1
25,94322.55,21912.35,658,0.164,29,6,0,48,OWN,0
48,24043.34,19853.87,558,0.142,1,17,2,12,RENT,1
32,49692.8,1000.0,745,0.377,17,9,0,48,OWN,0
49,45749.57,19361.94,850,0.236,33,14,0,12,MORTGAGE,0
54,15526.35,6972.16,689,0.132,17,10,0,36,RENT,0
62,76206.54,3626.17,599,0.495,5,15,0,24,RENT,1
45,49592.07,13492.21,447,0.255,26,17,0,24,MORTGAGE,1
21,69792.62,18287.77,515,0.522,12,8,0,24,RENT,1
34,102195.44,1874.12,774,0.354,20,14,0,60,RENT,0
62,47935.13,20636.61,568,0.394,20,10,0,60,MORTGAGE,1
47,46576.94,21106.71,620,0.318,27,15,0,48,OWN,1
51,57373.28,15375.81,702,0.0,37,3,1,48,RENT,0
43,74744.95,8059.01,769,0.179,27,14,1,24,RENT,0
28,43665.74,7164.98,634,0.331,39,11,0,12,RENT,0
64,42380.77,23207.46,618,0.405,0,9,0,36,RENT,1
58,76143.79,2910.22,656,0.082,31,7,0,36,RENT,0
69,62572.79,23515.76,600,0.342,16,14,1,24,OWN,0
62,14105.43,13678.41,604,0.182,29,6,0,24,MORTGAGE,0
35,30492.16,14233.32,683,0.385,3,0,0,12,OWN,1
33,85024.72,1335.3,665,0.347,21,18,0,60,RENT,0
33,63038.57,13826.27,821,0.462,1,8,0,24,MORTGAGE,0
66,39756.08,19908.68,685,0.51,26,3,0,60,OWN,0
48,51591.81,4308.72,742,0.419,8,4,0,48,MORTGAGE,0
43,55264.73,18989.09,564,0.479,5,16,0,12,OWN,1
68,69714.67,15712.1,692,0.297,3,6,1,12,OWN,0
50,27834.73,9849.96,592,0.773,10,5,1,36,OWN,1
65,38181.02,21837.38,682,0.167,38,9,0,12,RENT,0
69,60459.12,1000.0,705,0.271,39,0,0,60,OWN,0
24,53003.31,17773.45,654,0.485,3,11,0,60,OWN,1
38,66437.18,27955.48,843,0.463,39,0,0,48,RENT,0
56,30409.85,26519.55,764,0.423,23,16,2,24,MORTGAGE,0
60,62142.57,18118.45,744,0.451,12,8,0,60,MORTGAGE,0
28,76831.67,12586.55,711,0.037,37,4,2,48,OWN,0
36,64736.37,9913.58,791,0.588,9,9,0,24,MORTGAGE,0
47,57782.23,12576.59,535,0.319,7,3,1,60,RENT,1
60,53082.33,19350.46,760,0.537,9,6,1,24,MORTGAGE,0
26,38302.98,8542.05,571,0.045,5,2,0,36,MORTGAGE,1
50,53560.03,21059.39,605,0.388,19,13,0,48,MORTGAGE,1
35,80194.12,32065.28,695,0.265,5,19,0,60,OWN,0
31,52619.43,14504.93,749,0.436,8,9,0,12,MORTGAGE,0
46,37203.92,4244.84,558,0.398,14,1,0,24,OWN,1
41,45155.06,4242.04,609,0.405,25,1,0,60,MORTGAGE,0
52,59017.01,21212.52,658,0.191,34,16,0,36,OWN,0
36,47529.72,14522.03,635,0.341,2,6,1,48,OWN,1
61,64706.07,22014.65,718,0.323,25,5,0,48,RENT,0
24,65456.88,10730.93,850,0.424,4,2,0,24,MORTGAGE,0
63,72779.66,21644.99,684,0.498,39,13,1,24,RENT,0
22,83471.19,13733.61,591,0.373,11,1,0,36,RENT,0
57,74917.17,9139.97,546,0.159,34,18,0,12,RENT,0
37,36315.22,11792.01,624,0.366,31,4,0,48,RENT,1
39,36929.31,5423.57,575,0.742,12,1,1,12,RENT,1
21,53484.57,30914.88,687,0.597,12,14,1,60,OWN,0
55,45976.49,14228.95,686,0.0,12,7,2,48,RENT,0
29,32233.47,20156.11,613,0.36,18,13,0,24,OWN,1
53,46166.16,10705.05,809,0.49,17,0,0,12,OWN,0
56,45509.74,6584.58,591,0.323,26,17,0,48,OWN,1
62,41563.05,13128.96,640,0.281,18,6,1,36,RENT,1
55,48684.21,23809.54,701,0.31,31,15,0,12,OWN,0
35,78569.02,10834.15,721,0.433,18,18,1,36,RENT,0
57,58984.76,8035.74,752,0.178,12,10,0,60,OWN,0
61,104436.18,16243.71,684,0.528,13,6,1,48,RENT,0
36,58410.16,18992.18,734,0.342,29,6,0,48,MORTGAGE,0
27,49198.68,28142.79,597,0.21,5,13,0,36,MORTGAGE,1
64,55082.66,17830.0,723,0.519,11,0,0,12,OWN,0
28,60129.84,20151.94,722,0.118,12,2,0,60,OWN,0
50,63705.08,20754.2,771,0.267,25,12,0,48,RENT,0
32,96534.23,5775.88,517,0.264,5,0,0,36,MORTGAGE,1
27,38093.59,7293.34,577,0.672,18,5,1,48,MORTGAGE,1
59,72180.92,6328.83,716,0.247,26,12,0,24,OWN,0
28,59155.01,4342.83,438,0.027,37,5,0,48,OWN,0
53,23578.05,21363.68,689,0.263,17,18,0,60,RENT,1
54,70413.98,17320.4,735,0.418,39,19,0,24,MORTGAGE,0
23,80352.47,15635.97,604,0.468,24,0,0,12,OWN,1
29,37856.47,1000.0,616,0.691,30,3,0,48,RENT,1
59,54821.32,31443.81,564,0.561,9,18,1,60,MORTGAGE,1
45,20492.91,7845.82,608,0.378,36,0,1,60,RENT,1
26,29823.87,31414.5,611,0.216,10,9,1,60,OWN,1
69,75960.59,3406.07,595,0.594,5,18,2,24,MORTGAGE,1
33,45671.67,8500.79,591,0.295,3,11,0,60,MORTGAGE,1
21,32823.94,1000.0,628,0.251,26,6,3,24,RENT,0
66,59589.21,17897.0,627,0.287,25,0,0,36,OWN,0
21,44551.75,6189.95,800,0.162,7,7,0,60,MORTGAGE,0
48,45583.57,6416.0,618,0.28,35,10,1,60,OWN,0
69,69786.52,4019.89,678,0.315,11,1,0,48,RENT,0
49,31765.33,21218.84,604,0.46,24,10,0,36,MORTGAGE,1
49,36892.7,20691.71,603,0.292,20,8,0,36,OWN,0
40,58081.6,29496.27,514,0.16,23,6,1,60,MORTGAGE,1
27,74388.2,9514.35,524,0.109,29,19,1,60,MORTGAGE,1
49,79763.21,16750.55,553,0.381,37,17,0,24,MORTGAGE,0
64,41698.77,4685.32,665,0.361,28,13,0,12,OWN,0
25,73747.54,12319.69,736,0.267,36,11,0,60,MORTGAGE,0
64,39317.15,10849.24,507,0.28,34,9,0,60,RENT,1
41,91524.19,18715.6,606,0.408,14,1,1,12,MORTGAGE,0
47,32324.58,23136.17,541,0.559,22,6,0,36,MORTGAGE,1
29,81569.58,22928.53,629,0.233,7,0,1,36,MORTGAGE,0
51,41870.28,8257.5,736,0.363,37,7,0,12,RENT,0
29,95264.93,22987.74,614,0.494,38,9,0,48,OWN,0
34,66826.41,14647.32,646,0.234,35,12,0,60,RENT,0
56,34679.67,12403.22,766,0.348,29,7,0,24,MORTGAGE,0
23,44555.23,9331.91,687,0.344,33,5,0,48,OWN,0
42,70623.62,10520.51,589,0.153,31,14,0,12,OWN,0
50,76052.89,28938.51,663,0.375,9,3,0,24,OWN,0
27,53585.69,17459.29,584,0.355,10,2,0,36,RENT,1
35,55893.17,16396.89,684,0.433,21,13,0,60,OWN,0
37,70167.06,12902.03,691,0.172,16,11,0,60,OWN,0
53,57635.97,34567.83,541,0.351,29,17,0,60,OWN,1
68,29129.9,25440.08,664,0.557,29,14,0,60,OWN,0
61,38740.52,9231.5,641,0.662,39,18,0,60,OWN,1
30,59702.4,12811.08,694,0.542,31,13,1,24,OWN,0
21,79309.65,13286.04,717,0.173,0,16,0,12,OWN,0
23,87319.65,16166.98,688,0.418,13,3,0,60,MORTGAGE,0
50,70590.59,9390.19,626,0.278,13,10,0,12,MORTGAGE,0
28,60745.82,18510.53,725,0.393,25,18,0,36,OWN,0
32,69976.28,26616.71,580,0.234,13,15,0,48,RENT,1
62,41664.98,4490.98,544,0.093,39,8,0,12,MORTGAGE,1
63,51935.38,5974.83,394,0.298,11,18,1,60,MORTGAGE,1
62,38517.39,11134.73,644,0.458,17,6,0,24,MORTGAGE,1
33,30025.15,11505.64,584,0.393,32,0,0,24,OWN,1
51,61670.98,30987.73,682,0.41,14,15,0,24,OWN,1
50,58710.27,23013.67,492,0.382,1,8,0,36,OWN,1
30,68753.05,22554.58,598,0.411,13,0,1,36,MORTGAGE,1
48,65922.24,12885.07,688,0.429,14,4,0,12,MORTGAGE,0
46,59852.89,12709.49,568,0.309,24,1,1,12,OWN,1
40,66132.33,3386.36,683,0.362,28,19,0,36,OWN,0
57,54146.34,21253.92,605,0.611,21,16,0,24,RENT,1
54,63257.83,18928.44,647,0.371,16,18,1,48,OWN,0
47,40477.11,25287.98,698,0.356,20,3,1,60,OWN,0
56,62394.12,13313.36,726,0.365,5,16,0,12,MORTGAGE,0
58,68368.35,13865.77,657,0.317,7,11,0,12,RENT,0
48,41606.37,16360.36,585,0.285,24,5,2,48,MORTGAGE,1
34,56036.64,22135.18,613,0.381,34,13,0,12,MORTGAGE,1
58,42527.95,3238.28,701,0.274,20,19,1,48,OWN,0
56,44469.87,20888.45,568,0.328,2,9,1,36,MORTGAGE,1
69,32501.41,14836.04,636,0.231,39,0,1,36,MORTGAGE,0
28,80315.5,6530.9,619,0.366,12,16,1,48,RENT,0
41,76313.7,1000.0,642,0.438,29,3,1,60,OWN,0
66,65748.68,13908.21,569,0.318,35,3,0,12,MORTGAGE,0
46,94443.92,26581.7,502,0.049,39,12,0,12,MORTGAGE,1
67,51215.09,28397.48,692,0.439,4,15,1,48,RENT,0
21,115635.25,17843.01,727,0.368,7,15,0,12,RENT,0
22,50449.41,30696.05,507,0.201,25,17,2,36,MORTGAGE,1
60,60103.87,14656.47,680,0.466,30,17,1,36,RENT,0
38,47044.44,22626.43,737,0.14,33,2,0,24,MORTGAGE,0
46,62446.51,11390.15,698,0.507,22,6,0,36,OWN,0
41,71712.3,10883.21,617,0.341,6,14,1,12,MORTGAGE,1
40,52721.67,9579.93,575,0.01,28,7,0,24,RENT,0
67,90534.4,1000.0,656,0.377,26,14,1,12,OWN,0
25,59782.99,25296.74,670,0.289,18,9,1,60,MORTGAGE,1
58,60409.71,9866.94,658,0.266,25,9,1,60,RENT,0
64,36820.05,8588.49,636,0.239,8,0,1,24,RENT,0
53,63369.98,5560.23,563,0.331,32,12,0,12,OWN,0
40,52319.46,13365.12,684,0.277,1,17,0,24,RENT,1
28,42835.21,29107.94,688,0.071,33,16,1,60,MORTGAGE,0
54,39470.51,31750.23,666,0.541,33,6,1,60,MORTGAGE,0
43,108435.27,1713.06,659,0.313,27,13,1,48,MORTGAGE,0
28,49730.45,12164.42,784,0.24,32,3,0,60,OWN,0
38,25860.29,6725.14,600,0.181,36,12,0,12,OWN,0
68,41035.57,22906.7,753,0.466,6,8,0,36,MORTGAGE,0
34,53968.64,17292.75,591,0.155,21,18,0,48,RENT,1
29,65933.34,9907.45,739,0.37,25,14,1,12,RENT,0
54,66095.93,15580.58,749,0.262,37,1,2,36,MORTGAGE,0
30,68532.29,11180.65,627,0.271,29,17,0,24,RENT,0
66,42102.79,27913.97,783,0.184,23,14,1,12,RENT,0
63,61808.81,19375.68,688,0.257,22,4,0,24,RENT,0
69,37478.81,20358.59,580,0.351,5,5,2,60,RENT,1
65,42607.14,1000.0,620,0.385,12,3,0,36,OWN,0
32,36645.82,14465.69,741,0.232,17,6,0,12,OWN,1
31,31232.22,31665.69,724,0.336,35,18,1,48,RENT,0
37,76284.19,25609.03,565,0.483,34,18,1,36,MORTGAGE,1
44,68772.23,1000.0,639,0.101,25,11,0,24,MORTGAGE,0
64,74533.31,12492.59,666,0.349,4,7,0,24,OWN,0
56,55786.26,5387.84,609,0.207,28,7,0,36,RENT,0
52,70536.15,28688.81,839,0.192,18,19,1,60,OWN,0
64,19774.21,16954.23,669,0.389,26,3,1,48,MORTGAGE,1
52,72261.75,8857.64,645,0.268,17,15,2,36,RENT,0
39,58542.4,15273.26,745,0.167,28,19,1,24,OWN,0
41,67542.19,1000.0,621,0.549,8,17,0,12,OWN,1
46,62600.47,6320.31,731,0.488,5,14,2,12,MORTGAGE,1
25,35258.9,15291.55,517,0.06,8,17,1,12,MORTGAGE,1
57,25039.2,21765.4,614,0.129,36,4,0,60,RENT,0
52,40758.92,1000.0,734,0.439,3,19,0,36,RENT,1
56,66298.35,11950.76,776,0.307,11,1,0,12,RENT,0
47,68801.83,23077.49,588,0.575,13,0,0,60,RENT,1
59,27641.15,3388.37,579,0.442,33,3,0,12,OWN,0
67,35378.01,16833.46,695,0.395,14,12,0,48,MORTGAGE,0
48,40535.29,15527.8,600,0.197,35,4,0,12,OWN,1
42,47853.9,28715.04,629,0.424,39,12,0,36,MORTGAGE,1
26,27758.98,13158.91,720,0.159,26,2,1,36,OWN,0
59,26558.96,13627.2,606,0.546,13,13,1,60,MORTGAGE,1
65,38563.29,21839.68,493,0.413,23,4,0,48,RENT,1
55,56725.08,4389.21,546,0.226,26,10,2,36,MORTGAGE,1
63,31388.11,13232.93,651,0.471,4,2,1,36,RENT,1
63,52683.93,11354.2,501,0.686,33,19,0,48,RENT,1
60,76171.06,13888.71,626,0.317,17,7,0,36,MORTGAGE,0
45,28964.41,21787.25,539,0.433,33,12,1,48,RENT,1
25,50871.08,19433.29,781,0.285,24,9,1,36,RENT,0
21,75495.13,9010.54,823,0.363,34,11,0,60,OWN,0
31,46634.63,16093.59,565,0.124,3,9,0,12,RENT,1
42,43526.61,26923.53,671,0.35,1,1,0,48,MORTGAGE,1
57,78269.92,8349.07,573,0.357,4,16,0,60,OWN,1
43,48875.96,16161.33,625,0.62,34,12,1,48,OWN,0
22,77089.9,13454.71,794,0.081,39,5,0,60,RENT,0
31,63579.31,14495.96,613,0.308,39,1,0,36,MORTGAGE,0
68,48143.11,1954.74,627,0.543,13,17,0,36,OWN,0
69,64593.81,26286.1,575,0.314,10,6,0,12,MORTGAGE,1
39,61408.99,8805.18,742,0.324,13,18,0,24,OWN,0
60,75417.66,23208.58,389,0.225,32,15,0,12,MORTGAGE,1
56,44033.09,10028.99,615,0.21,10,19,0,48,OWN,0
66,55824.12,9995.96,646,0.076,21,13,0,48,MORTGAGE,0
64,53769.69,24704.99,597,0.256,25,3,1,12,MORTGAGE,1
51,69082.96,22951.08,719,0.202,14,0,0,60,RENT,0
40,34496.42,16669.33,746,0.368,18,4,0,24,RENT,0
51,75339.54,21089.2,537,0.232,26,8,0,48,MORTGAGE,1
36,64326.58,12691.58,817,0.278,31,12,0,60,RENT,0
38,28661.5,14933.06,536,0.282,7,17,0,60,RENT,1
50,79165.26,9707.0,753,0.343,20,2,2,12,MORTGAGE,0
48,99681.86,22232.52,662,0.271,6,12,0,12,OWN,0
49,75036.68,9452.69,610,0.191,0,1,0,12,RENT,0
39,83539.7,26881.25,617,0.363,25,9,0,60,RENT,0
41,56707.43,12473.33,647,0.51,19,1,0,36,RENT,0
21,21769.9,15164.07,667,0.369,10,7,1,12,MORTGAGE,1
50,18117.59,21069.82,576,0.259,2,12,0,36,OWN,1
49,60101.64,15190.92,631,0.332,37,14,0,36,MORTGAGE,0
66,43160.42,12616.73,588,0.042,33,16,0,36,MORTGAGE,0
45,36708.47,14759.81,553,0.329,37,10,0,48,RENT,1
43,53745.07,22150.55,585,0.29,4,5,0,12,RENT,1
24,67311.71,9697.18,558,0.21,0,18,0,24,MORTGAGE,1
30,25944.85,13990.1,616,0.237,8,18,0,48,MORTGAGE,0
37,46022.45,15082.29,685,0.288,4,19,0,60,RENT,0
39,85197.41,21916.68,660,0.499,18,15,1,24,RENT,0
38,33494.23,14201.24,808,0.514,25,15,0,36,MORTGAGE,0
40,72395.22,29466.39,473,0.211,7,1,1,60,MORTGAGE,1
58,45305.38,13747.69,688,0.272,15,11,0,48,MORTGAGE,1
27,65915.88,13098.53,651,0.276,21,8,0,24,RENT,0
37,76946.55,13631.74,715,0.471,12,5,0,36,MORTGAGE,0
28,69825.64,4466.87,707,0.372,18,1,0,12,MORTGAGE,0
36,73183.19,6706.19,637,0.364,23,4,1,36,OWN,0
54,31968.13,10754.66,664,0.43,38,18,0,36,OWN,0
23,77273.19,24086.64,590,0.261,12,18,0,12,MORTGAGE,1
37,37946.14,14734.99,699,0.555,3,14,0,24,MORTGAGE,0
22,60190.84,11122.85,500,0.35,34,2,0,60,MORTGAGE,1
67,60164.92,24812.28,712,0.222,23,13,0,48,OWN,0
56,64702.45,27409.42,648,0.316,18,2,0,36,RENT,0
32,61739.13,25043.06,611,0.535,28,13,1,24,MORTGAGE,1
30,38123.8,8175.28,631,0.286,39,0,4,12,RENT,0
25,28002.65,11038.01,637,0.492,5,5,0,36,MORTGAGE,1
44,72446.97,29509.89,754,0.256,34,2,0,36,OWN,0
57,58716.69,16929.12,850,0.235,25,18,0,12,OWN,0
49,77987.54,12858.98,748,0.449,23,11,1,60,RENT,0
64,54105.34,20746.78,605,0.219,34,18,1,36,RENT,0
37,26896.71,23058.39,700,0.473,12,0,0,12,OWN,1
34,74322.59,10428.4,704,0.403,31,14,0,12,RENT,0
44,47592.59,16755.52,576,0.219,22,9,0,60,MORTGAGE,1
30,61840.07,22412.48,549,0.339,37,9,0,24,MORTGAGE,0
68,42050.81,5717.7,645,0.268,18,17,0,24,RENT,0
30,87886.03,15098.76,715,0.402,28,0,0,12,MORTGAGE,0
44,37468.7,6084.88,521,0.633,19,18,0,60,RENT,1
46,48251.4,7131.36,592,0.294,15,0,0,60,RENT,1
23,57148.97,10495.2,696,0.43,15,7,0,24,MORTGAGE,0
43,33156.35,18816.96,653,0.354,36,2,0,48,RENT,1
43,61610.39,12423.82,763,0.354,33,10,0,36,OWN,0
33,87238.21,9812.66,537,0.325,9,11,1,12,RENT,1
27,45190.76,15412.44,838,0.221,34,12,1,48,RENT,0
23,62902.86,5824.3,527,0.4,23,15,0,12,RENT,1
21,12000.0,18430.43,488,0.307,4,15,2,60,OWN,1
44,54221.42,24051.09,645,0.214,30,18,1,12,RENT,0
25,48739.15,14366.37,559,0.502,6,8,1,24,RENT,1
68,38630.05,13378.81,647,0.365,34,3,2,24,MORTGAGE,1
32,76629.01,17987.52,644,0.316,18,3,1,24,RENT,0
52,48475.13,1000.0,634,0.551,36,5,0,36,RENT,0
54,51450.45,19294.54,583,0.075,19,12,0,48,RENT,0
45,47456.14,39815.09,685,0.541,3,1,1,24,MORTGAGE,1
64,16663.68,14018.59,625,0.218,30,19,0,36,OWN,1
26,32360.27,14047.0,738,0.382,29,19,1,60,MORTGAGE,0
32,74221.87,20948.86,636,0.262,12,3,1,36,MORTGAGE,0
33,12800.99,28162.66,573,0.212,8,15,0,48,RENT,1
27,39673.69,22799.74,515,0.547,34,11,0,24,MORTGAGE,1
35,47005.6,1000.0,636,0.628,31,9,1,12,OWN,0
36,89872.44,19507.19,548,0.317,11,14,1,24,OWN,0
58,70372.08,35575.44,542,0.4,28,11,0,12,OWN,1
35,43856.59,19979.53,692,0.359,9,6,0,60,MORTGAGE,1
63,81090.27,5763.18,508,0.61,7,11,1,12,RENT,1
58,40189.68,17254.64,763,0.033,26,2,2,60,RENT,0
65,75182.0,4754.5,663,0.407,33,5,0,12,MORTGAGE,0
26,27822.46,24862.43,646,0.241,36,19,0,12,MORTGAGE,0
69,76465.16,7352.94,567,0.0,18,3,1,36,OWN,0
51,46877.33,15593.95,711,0.296,5,11,2,12,RENT,0
69,34429.92,8137.76,650,0.627,21,5,0,12,RENT,1
38,50657.13,10628.42,595,0.252,27,9,2,48,OWN,1
67,60546.88,26889.21,666,0.469,38,4,0,12,MORTGAGE,0
49,45105.03,15827.66,515,0.53,4,11,0,36,OWN,1
24,66079.07,10526.38,519,0.348,26,11,0,12,RENT,1
41,43340.12,5838.18,560,0.368,20,12,1,12,OWN,0
27,67407.45,1000.0,678,0.093,23,6,1,48,RENT,0
67,63844.44,4989.75,650,0.243,3,11,1,24,OWN,0
35,53781.54,15895.67,734,0.486,0,14,1,12,MORTGAGE,0
31,46172.35,22841.87,576,0.359,24,14,1,48,OWN,1
48,58030.82,10517.19,696,0.405,7,11,0,60,RENT,0
41,66005.07,27564.35,641,0.37,24,5,0,36,RENT,0
25,96235.98,9260.0,575,0.679,1,10,0,24,RENT,1
61,73788.41,13095.91,681,0.285,32,10,0,60,OWN,0
62,74519.8,6363.39,645,0.591,13,19,0,24,RENT,1
57,116770.24,22926.09,600,0.37,18,7,0,48,MORTGAGE,0
51,65319.17,31780.08,653,0.604,13,6,0,36,RENT,1
40,64692.87,1000.0,640,0.166,16,14,0,48,RENT,0
47,69080.3,12230.7,638,0.378,21,12,1,36,OWN,1
46,34820.68,25118.24,617,0.291,25,8,0,36,MORTGAGE,0
29,46121.97,3424.44,546,0.371,27,0,1,36,MORTGAGE,1
25,44876.61,19533.47,656,0.533,39,14,0,24,MORTGAGE,0
33,67952.28,24771.78,586,0.407,7,14,2,36,OWN,1
43,51516.51,15625.83,568,0.533,34,18,0,12,OWN,1
28,57764.47,19402.1,631,0.249,24,10,2,24,OWN,0
26,76749.09,29087.22,709,0.227,12,10,0,12,RENT,0
62,72263.01,30587.41,665,0.352,36,4,2,24,RENT,0
39,51765.58,14504.26,608,0.344,28,9,0,24,MORTGAGE,0
49,41600.1,10740.98,604,0.322,7,0,0,12,OWN,1
46,77705.49,7640.16,701,0.206,6,10,0,24,MORTGAGE,0
57,70477.82,22815.71,458,0.53,26,14,1,48,MORTGAGE,1
57,22874.86,4025.8,714,0.296,29,15,0,60,RENT,0
35,48736.92,12979.41,500,0.564,1,13,0,48,MORTGAGE,1
62,58310.31,15821.52,537,0.352,25,16,2,48,RENT,1
39,70576.59,10975.98,609,0.447,21,13,2,48,MORTGAGE,0
61,73202.03,17238.56,824,0.434,38,15,0,60,RENT,0
40,60678.12,35516.11,784,0.226,29,8,1,60,RENT,0
26,66704.95,14027.21,707,0.405,36,12,0,12,OWN,0
58,56282.74,11516.75,679,0.639,1,12,1,36,OWN,1
22,41522.97,23122.65,501,0.388,30,11,1,60,RENT,1
58,49774.71,16916.67,663,0.485,13,11,0,60,MORTGAGE,1
23,55379.82,26514.69,606,0.454,22,15,1,36,RENT,1
31,54306.41,16317.5,585,0.396,35,4,0,36,MORTGAGE,1
50,17288.54,13012.61,662,0.378,34,6,0,12,RENT,0
67,47050.33,1000.0,612,0.432,9,10,0,36,MORTGAGE,1
41,56124.11,2042.12,720,0.464,9,12,0,36,MORTGAGE,0
26,49372.6,1000.0,495,0.147,28,10,0,48,OWN,1
32,50063.52,18034.71,656,0.387,35,3,0,36,OWN,1
64,64759.83,4102.0,580,0.322,24,16,0,24,RENT,1
56,33420.86,25044.62,617,0.291,2,10,0,60,MORTGAGE,1
25,22439.16,15241.97,674,0.544,6,8,0,24,RENT,1
39,48036.6,13046.5,561,0.24,29,17,0,24,OWN,0
33,70282.29,8249.16,663,0.141,29,8,0,36,RENT,0
29,88751.06,19978.07,633,0.469,35,3,0,24,MORTGAGE,0
62,70642.56,8564.02,597,0.137,21,19,3,12,OWN,0
51,25634.72,7116.98,612,0.061,17,7,1,48,OWN,0
29,50352.66,24506.8,638,0.486,4,17,0,24,RENT,1
52,60132.69,17836.97,589,0.374,31,10,1,60,RENT,0
41,58551.82,13120.56,651,0.421,37,4,1,48,OWN,1
24,65786.09,20131.46,628,0.284,1,7,0,36,MORTGAGE,0
43,36659.02,15071.45,601,0.142,19,18,0,36,OWN,1
30,56298.86,18064.11,777,0.172,14,18,1,60,RENT,0
33,63406.46,8465.22,683,0.309,29,2,0,12,OWN,0
64,71513.42,31563.19,619,0.159,30,19,0,24,RENT,0
55,38885.64,10363.04,662,0.396,8,17,1,12,OWN,1
27,48096.86,27448.13,568,0.281,38,12,1,12,OWN,0
62,12000.0,13489.05,615,0.378,5,3,0,60,RENT,1
49,42570.76,21456.78,624,0.373,31,11,0,12,RENT,0
63,44511.7,20873.79,550,0.408,29,8,1,60,OWN,1
57,34608.31,24174.81,681,0.425,6,2,0,48,OWN,1
37,58312.24,8275.01,610,0.298,26,19,0,48,MORTGAGE,0
47,53881.09,23605.08,622,0.378,10,12,1,48,OWN,1
47,12000.0,29771.52,605,0.385,10,1,0,12,OWN,1
56,59310.16,12930.46,850,0.0,3,6,0,12,OWN,0
33,36433.52,15277.65,597,0.447,29,16,0,24,MORTGAGE,0
37,64713.78,10812.43,485,0.372,32,8,1,48,RENT,1
32,29362.98,12228.51,522,0.435,20,9,2,24,OWN,1
35,55600.13,28691.38,711,0.157,31,2,1,12,OWN,0
28,49336.73,6966.12,757,0.303,13,2,0,48,OWN,0
22,61062.04,7463.05,595,0.186,22,19,0,48,MORTGAGE,0
67,57493.95,27887.21,752,0.462,31,19,1,36,OWN,0
24,49896.72,19996.39,709,0.139,17,1,1,36,RENT,0
64,24274.55,31962.96,635,0.211,24,10,0,48,MORTGAGE,1
21,25455.84,11396.49,629,0.43,5,13,1,48,RENT,0
59,43322.26,16010.25,664,0.256,20,17,0,24,MORTGAGE,0
37,54834.4,9714.58,720,0.211,34,11,1,12,OWN,0
46,42835.04,16146.41,682,0.486,30,17,2,60,OWN,1
34,67504.24,1000.0,596,0.492,12,2,0,12,RENT,0
45,49415.58,20479.64,636,0.458,21,0,2,36,MORTGAGE,1
43,35699.75,17587.79,809,0.477,24,9,1,60,OWN,0
46,49438.07,14539.56,670,0.315,37,5,0,36,MORTGAGE,0
40,59517.2,11877.09,720,0.319,33,15,0,60,MORTGAGE,0
47,61497.69,7841.97,693,0.253,32,6,0,36,MORTGAGE,0
61,92567.58,20821.7,672,0.375,30,8,0,48,RENT,0
42,41621.81,5631.28,659,0.271,14,10,0,36,RENT,0
38,53530.43,19095.17,722,0.285,15,19,1,24,OWN,0
27,63522.48,31595.61,707,0.44,18,1,0,60,RENT,0
38,54531.54,26884.17,671,0.528,17,11,0,36,MORTGAGE,1
27,44987.64,2958.98,594,0.41,38,7,0,36,MORTGAGE,0
29,24014.86,10706.1,681,0.619,35,0,1,48,OWN,1
67,44783.31,18371.61,645,0.244,35,16,0,60,MORTGAGE,0
25,33525.95,14437.74,625,0.074,24,18,1,60,OWN,0
44,20467.87,3804.75,850,0.457,7,3,0,24,MORTGAGE,0
61,39086.42,18082.53,527,0.234,5,15,1,24,RENT,1
67,34058.17,14919.86,727,0.309,10,14,0,24,RENT,0
28,66675.73,30314.6,581,0.085,26,14,1,24,MORTGAGE,0
29,67021.84,12974.17,660,0.215,14,9,1,24,MORTGAGE,0
39,36922.41,24344.03,850,0.125,26,6,1,36,RENT,0
48,49795.43,4863.29,573,0.285,35,1,2,12,MORTGAGE,0
68,17835.15,6775.93,592,0.291,13,0,1,36,OWN,0
31,45113.2,20773.3,649,0.363,37,3,0,60,MORTGAGE,0
29,62979.64,23669.85,582,0.536,20,10,0,36,RENT,1
33,71498.76,7340.86,721,0.452,32,2,0,12,MORTGAGE,0
63,40739.06,15192.62,607,0.107,2,13,1,24,RENT,1
22,76037.1,3947.37,702,0.441,11,12,0,24,RENT,0
39,24686.16,13550.24,544,0.367,37,6,0,36,MORTGAGE,1
26,30047.44,21695.38,505,0.335,35,1,1,24,MORTGAGE,1
28,69193.24,11520.33,632,0.347,22,10,0,24,RENT,0
65,88422.42,13007.72,525,0.381,1,16,0,48,OWN,1
21,64868.64,5961.64,771,0.246,2,7,0,12,MORTGAGE,0
36,54193.15,9813.13,528,0.323,16,16,1,60,OWN,1
65,12000.0,29064.89,567,0.528,35,5,0,24,OWN,1
50,14551.06,15583.4,683,0.244,15,1,0,60,RENT,0
24,57588.19,6981.54,603,0.196,35,12,0,12,OWN,0
43,47838.75,12481.82,529,0.341,21,17,0,24,MORTGAGE,1
68,32883.3,2220.58,813,0.18,5,17,0,24,OWN,0
40,56310.65,6886.72,570,0.092,22,19,2,36,RENT,1
46,57302.63,25882.72,634,0.298,14,2,0,12,MORTGAGE,0
47,73888.32,13860.14,633,0.567,9,0,1,24,OWN,1
53,57732.05,30125.84,707,0.344,27,11,0,60,RENT,0
30,79567.89,14237.22,687,0.377,8,19,0,60,OWN,0
62,55159.88,14712.17,584,0.03,36,19,0,36,RENT,0
69,52693.3,20127.15,624,0.416,32,5,1,12,MORTGAGE,1
27,76286.24,1000.0,632,0.364,31,7,3,24,MORTGAGE,0
61,35431.18,16639.51,710,0.25,3,13,1,60,MORTGAGE,0
61,111288.95,14608.11,557,0.377,38,18,1,60,OWN,1
57,62505.15,26888.31,811,0.376,19,3,1,60,RENT,0
39,62616.59,22717.44,589,0.191,29,19,0,60,RENT,0
43,65501.92,5930.47,649,0.4,7,16,0,48,RENT,1
62,92542.73,24937.11,557,0.53,30,1,0,48,OWN,0
28,70850.15,12901.48,546,0.316,12,16,0,48,RENT,1
61,22898.88,7764.37,580,0.22,28,12,0,48,MORTGAGE,1
66,83069.41,16576.83,572,0.323,11,19,0,24,RENT,1
54,48182.07,13377.85,617,0.478,37,4,0,48,RENT,1
37,57143.1,27307.72,572,0.166,28,19,0,24,MORTGAGE,1
48,29414.92,17724.98,706,0.437,18,0,0,48,MORTGAGE,0
23,65524.04,16645.27,587,0.248,18,1,0,24,OWN,0
66,41972.51,22205.18,578,0.386,0,8,0,36,RENT,1
37,57003.39,23742.97,619,0.265,11,13,0,12,RENT,0
23,49318.02,21268.84,729,0.265,31,3,0,60,OWN,0
59,93500.26,26355.71,667,0.578,33,5,1,48,MORTGAGE,0
53,94645.21,19869.46,642,0.139,39,7,0,12,OWN,0
51,55930.26,16341.21,535,0.423,3,2,0,36,RENT,1
23,56279.55,24913.38,559,0.61,10,3,1,36,OWN,1
57,47531.14,14272.83,548,0.453,30,2,0,60,RENT,1
52,77120.13,15265.97,755,0.15,14,19,0,48,OWN,0
59,48421.6,28772.62,692,0.158,9,18,0,60,OWN,0
61,46573.25,27975.39,581,0.237,11,12,0,36,MORTGAGE,1
31,74571.86,14934.59,605,0.374,36,13,2,12,RENT,0
31,44234.02,11371.59,584,0.384,34,2,0,48,OWN,1
66,54244.9,26705.39,579,0.159,0,1,0,24,RENT,1
47,23373.78,21403.35,687,0.219,33,7,2,48,OWN,0
42,69083.81,17524.65,627,0.228,22,19,0,36,MORTGAGE,0
35,93817.34,12425.02,816,0.323,33,9,0,24,MORTGAGE,0
52,69424.51,17653.57,750,0.648,24,16,1,12,MORTGAGE,0
57,84235.98,14826.33,755,0.21,27,7,0,60,RENT,0
21,38077.96,9685.29,704,0.203,23,6,0,48,MORTGAGE,0
48,59726.49,16032.34,616,0.18,29,16,0,24,MORTGAGE,0
69,36136.8,17123.39,698,0.445,32,9,1,48,MORTGAGE,0
34,50444.69,11996.84,622,0.344,20,14,0,60,MORTGAGE,0
34,70444.23,22230.61,780,0.216,4,14,1,48,RENT,0
64,57036.41,25310.66,682,0.296,3,14,1,60,MORTGAGE,0
24,26747.18,22759.18,671,0.231,16,13,0,36,MORTGAGE,0
40,28699.42,12790.01,660,0.394,18,16,0,24,RENT,0
43,27376.72,21046.57,789,0.753,34,9,0,60,OWN,0
60,64829.05,15623.69,535,0.433,1,6,1,48,OWN,1
27,96277.89,5114.03,797,0.336,35,10,0,48,RENT,0
42,82249.16,20381.84,635,0.25,2,6,1,48,RENT,1
28,17080.3,16169.05,538,0.148,19,0,1,60,RENT,1
59,83421.52,35748.38,590,0.46,16,7,0,48,RENT,1
51,73728.01,26658.17,518,0.452,22,10,1,60,OWN,1
45,24094.0,20689.2,702,0.28,1,10,1,12,RENT,0
40,48935.97,16993.36,567,0.532,30,6,0,48,RENT,1
28,76910.45,16309.78,663,0.353,5,14,1,24,OWN,0
66,66008.67,6970.48,741,0.466,31,5,0,12,RENT,0
52,28818.1,1088.1,596,0.394,22,12,0,24,OWN,1
36,67214.84,8019.53,629,0.323,35,5,0,60,OWN,0
41,12249.99,14618.26,546,0.207,39,19,0,60,OWN,1
56,50543.56,1000.0,619,0.328,33,12,1,24,OWN,1
56,77759.14,10645.43,850,0.476,18,11,0,12,RENT,0
43,55367.88,13019.1,712,0.274,16,8,0,36,RENT,0
35,45021.25,13276.59,629,0.416,26,15,0,24,OWN,1
53,72786.93,9706.21,601,0.188,25,8,0,36,OWN,0
53,74495.04,12267.89,647,0.467,31,16,0,48,MORTGAGE,0
50,81200.79,28791.15,660,0.397,19,3,0,24,RENT,0
24,72486.85,20297.16,616,0.17,18,16,1,12,RENT,0
44,76627.5,10517.59,692,0.316,4,19,1,12,OWN,0
51,69658.17,14453.22,574,0.49,6,4,0,48,MORTGAGE,1
67,60310.57,14773.49,573,0.161,32,4,0,12,RENT,0
46,56790.18,8856.36,680,0.189,39,19,0,24,RENT,0
37,50254.81,8846.96,557,0.34,24,8,0,60,OWN,1
48,30752.63,23084.19,708,0.67,13,13,1,12,OWN,0
29,35893.77,11641.72,649,0.249,2,3,0,48,OWN,0
25,49359.71,6242.43,504,0.424,1,8,0,12,RENT,1
54,59829.04,14654.88,659,0.389,27,14,0,60,OWN,0
69,83816.25,15944.08,515,0.262,25,17,1,48,OWN,1
62,54164.06,1000.0,705,0.374,11,8,1,60,RENT,0
49,75069.53,14674.03,630,0.283,7,1,0,48,MORTGAGE,0
22,76586.31,21943.84,798,0.296,2,8,0,36,OWN,0
69,50371.06,18609.84,736,0.101,27,12,1,60,RENT,0
43,66893.8,32838.36,565,0.346,24,17,1,48,MORTGAGE,1
35,50129.44,25008.88,488,0.485,13,16,0,12,MORTGAGE,1
64,81442.72,26591.47,590,0.359,29,15,0,36,RENT,1
57,67716.87,37400.69,552,0.514,33,3,0,36,MORTGAGE,1
57,31190.32,21065.25,796,0.437,20,10,0,24,OWN,0
34,58230.49,16304.56,649,0.341,10,11,0,36,RENT,0
69,87962.24,22789.92,725,0.256,0,9,1,60,OWN,0
43,51375.38,10526.11,627,0.277,31,18,0,12,RENT,0
47,63954.3,15861.49,636,0.129,23,19,0,60,MORTGAGE,0
57,65917.58,9818.18,647,0.31,13,4,0,48,RENT,0
53,34267.54,18183.88,739,0.372,0,19,0,12,OWN,0
29,65214.16,9784.73,675,0.607,32,16,0,24,RENT,0
35,27123.3,9504.57,565,0.429,37,14,0,60,MORTGAGE,1
38,42487.52,18307.79,780,0.22,19,7,0,48,RENT,0
67,76514.46,13898.31,627,0.134,10,15,0,12,OWN,0
56,62135.13,1000.0,614,0.319,24,11,1,12,OWN,0
38,48910.44,3355.54,424,0.472,34,17,0,60,OWN,1
57,63929.22,5821.87,701,0.317,23,14,1,12,OWN,0
57,53798.16,7936.22,658,0.431,0,19,0,48,RENT,1
40,55251.57,18315.39,658,0.323,7,8,0,60,OWN,1
40,68136.37,16751.51,618,0.458,3,1,0,12,OWN,1
64,40452.65,23522.23,604,0.11,16,9,0,12,RENT,1
48,55806.73,21022.41,620,0.591,18,19,0,60,RENT,1
28,48754.64,23575.22,687,0.183,21,13,1,60,RENT,0
56,23287.93,19867.17,701,0.469,30,14,0,36,OWN,0
49,36590.88,16677.43,632,0.309,4,12,0,24,RENT,0
45,86364.13,23794.81,726,0.333,37,11,0,12,RENT,0
56,62694.47,22355.3,644,0.314,10,1,1,60,MORTGAGE,0
65,28528.23,18008.76,610,0.388,20,8,0,48,MORTGAGE,1
37,24192.91,25168.57,666,0.419,8,1,1,60,MORTGAGE,1
41,52756.72,1000.0,541,0.509,14,6,0,48,MORTGAGE,1
30,86223.73,12676.29,669,0.561,33,14,0,36,OWN,0
52,51264.84,12553.68,527,0.4,1,16,0,36,MORTGAGE,1
40,81139.99,24221.46,568,0.607,19,4,0,24,MORTGAGE,1
37,62038.62,27571.16,489,0.364,23,13,0,48,RENT,1
55,64425.01,3398.57,636,0.512,22,4,3,12,RENT,0
40,28285.59,26289.34,779,0.414,15,4,0,12,MORTGAGE,0
43,73750.46,5628.44,641,0.268,15,19,1,60,MORTGAGE,0
42,48301.36,5870.28,701,0.377,36,12,0,24,MORTGAGE,0
33,72261.85,13125.71,838,0.425,9,3,0,12,OWN,0
27,38716.6,12454.35,682,0.345,19,2,0,48,MORTGAGE,0
61,58540.99,2532.66,589,0.412,14,0,0,24,MORTGAGE,1
25,62040.06,20199.02,600,0.48,30,9,0,24,MORTGAGE,1
36,51919.33,20435.22,650,0.346,32,2,0,36,OWN,1
53,63090.9,23432.33,599,0.0,33,11,1,36,RENT,0
27,49672.06,11532.36,605,0.602,3,8,0,48,MORTGAGE,1
53,42018.8,14683.34,729,0.305,3,12,0,60,MORTGAGE,0
56,87109.67,14756.58,732,0.227,15,4,1,60,MORTGAGE,0
53,75979.06,28503.96,518,0.181,17,2,0,60,OWN,1
35,39782.71,1000.0,585,0.3,2,2,0,36,RENT,0
21,66368.89,7344.45,613,0.266,35,1,1,36,MORTGAGE,0
64,40146.42,15044.33,698,0.239,35,1,0,12,RENT,0
37,31306.31,6315.44,741,0.248,16,5,0,36,RENT,0
60,75676.19,12933.44,850,0.429,30,16,1,48,RENT,0
30,20918.01,13991.4,613,0.655,22,12,0,60,RENT,1
28,73537.12,9738.51,617,0.473,26,5,0,12,OWN,1
59,49945.55,15515.75,697,0.518,34,18,0,60,RENT,0
67,50769.07,20025.19,595,0.293,3,15,0,36,OWN,1
63,63195.02,13109.87,639,0.366,9,15,0,12,OWN,1
57,66623.98,11374.44,617,0.414,17,17,0,60,OWN,1
33,38473.14,13673.88,440,0.251,35,14,1,36,OWN,1
65,69354.51,14940.51,660,0.286,23,19,1,36,OWN,0
53,57267.41,1077.44,635,0.478,15,6,1,12,MORTGAGE,1
29,29878.9,18692.43,752,0.514,1,17,0,12,RENT,0
27,51602.51,11391.99,650,0.36,23,2,0,12,RENT,0
63,82625.58,25092.28,550,0.171,10,6,0,24,MORTGAGE,1
34,88531.9,19728.43,629,0.306,13,17,1,24,RENT,0
58,69346.97,24360.53,483,0.134,39,2,1,36,MORTGAGE,1
27,31193.13,6911.97,553,0.361,21,10,0,48,RENT,1
34,64812.14,12028.91,701,0.388,5,6,1,60,MORTGAGE,0
34,72017.22,5060.33,630,0.309,1,2,1,48,RENT,0
34,69514.16,9358.47,724,0.386,15,4,0,36,RENT,0
54,70699.09,25016.84,493,0.413,2,10,1,60,OWN,1
65,62265.26,26899.92,631,0.389,17,12,0,36,OWN,1
65,53551.75,5814.93,612,0.17,16,13,0,36,MORTGAGE,0
57,42832.65,11333.78,726,0.312,35,2,0,24,OWN,0
30,17041.29,14390.43,704,0.411,13,6,0,36,MORTGAGE,0
68,61792.84,19684.85,701,0.587,11,2,0,12,MORTGAGE,1
47,58721.06,1000.0,773,0.309,24,0,0,12,RENT,0
47,66151.52,2176.0,621,0.433,25,7,0,60,RENT,0
55,28249.13,18917.01,757,0.482,1,12,0,12,RENT,0
58,67900.33,1000.0,566,0.321,3,7,0,36,MORTGAGE,1
67,96090.9,11425.62,564,0.522,6,0,0,12,MORTGAGE,0
49,56569.0,16296.73,710,0.53,31,4,1,48,MORTGAGE,0
50,53766.69,18325.33,530,0.557,8,8,0,60,RENT,1
57,61180.05,13866.26,696,0.419,39,7,0,36,OWN,0
33,95646.74,12073.95,658,0.704,17,16,0,12,MORTGAGE,1
36,34527.04,21756.57,736,0.258,37,11,0,12,MORTGAGE,0
51,59064.14,17281.65,645,0.669,9,19,0,48,OWN,1
24,39006.85,9823.87,654,0.465,16,3,2,12,RENT,1
36,44059.91,15301.78,691,0.551,5,7,0,24,MORTGAGE,1
56,54008.19,18065.35,597,0.302,33,1,0,60,MORTGAGE,0
68,81946.46,28745.9,594,0.477,23,0,1,36,RENT,1
46,91019.81,21290.59,688,0.564,3,18,1,60,OWN,0
40,63962.84,24716.45,648,0.187,29,9,1,60,MORTGAGE,0
42,47468.11,10115.14,617,0.326,35,13,0,48,MORTGAGE,0
54,104854.78,10806.54,643,0.029,27,5,0,60,MORTGAGE,0
47,46448.91,13116.96,778,0.323,32,1,0,12,MORTGAGE,0
22,43577.28,13851.42,615,0.228,11,17,0,24,RENT,0
47,19501.14,6935.8,612,0.317,17,13,0,24,RENT,1
40,82921.83,25127.47,513,0.789,34,14,1,60,OWN,1
55,74364.91,22066.81,647,0.608,24,10,1,48,OWN,1
63,103356.11,12554.58,703,0.134,24,8,1,24,OWN,0
68,27209.53,20133.69,717,0.433,30,8,0,24,RENT,0
50,84163.42,16783.19,659,0.47,24,15,0,60,RENT,1
38,56402.71,20758.62,726,0.299,5,4,1,60,OWN,1
42,71122.0,4245.54,708,0.377,8,6,0,12,MORTGAGE,0
29,22044.46,13834.71,739,0.391,31,6,1,24,MORTGAGE,0
66,84361.64,14535.69,729,0.148,9,10,0,36,RENT,0
62,70730.34,19989.14,776,0.195,26,19,0,24,RENT,0
62,54221.8,9972.5,636,0.376,18,18,3,48,RENT,1
37,67902.25,1000.0,544,0.365,24,10,0,48,MORTGAGE,1
36,39690.09,6346.4,703,0.244,9,4,1,60,RENT,1
62,43411.2,14511.62,712,0.231,12,18,0,48,MORTGAGE,0
47,45731.11,15511.07,776,0.337,27,6,1,60,OWN,0
55,17945.44,28469.98,753,0.483,6,7,0,24,OWN,1
45,72235.17,19661.97,806,0.339,12,17,1,24,MORTGAGE,0
42,78831.87,15652.24,700,0.593,39,5,1,24,OWN,0
51,40973.12,14740.87,668,0.246,6,9,0,60,OWN,0
60,61964.06,23833.47,539,0.379,23,18,1,48,OWN,0
37,49689.19,10279.12,675,0.297,6,6,1,24,OWN,0
60,61565.48,13877.73,606,0.438,28,12,0,48,OWN,0
32,42448.46,6285.94,667,0.233,5,0,0,24,RENT,0
40,37331.5,26351.25,654,0.639,22,19,0,24,RENT,1
65,76041.5,18139.99,688,0.096,17,8,2,12,MORTGAGE,0
67,53722.59,9339.81,642,0.607,27,13,1,60,OWN,0
66,95442.18,14084.36,725,0.363,0,10,1,24,OWN,0
36,55926.2,19077.21,432,0.433,20,8,1,48,MORTGAGE,1
62,36478.44,12994.25,665,0.55,21,8,0,12,OWN,1
66,79538.82,10724.24,746,0.479,9,0,1,12,RENT,0
68,67616.0,9765.81,800,0.24,11,5,1,48,OWN,0
22,69537.46,17711.7,709,0.44,28,7,0,12,OWN,0
57,78812.01,12135.57,785,0.63,22,7,1,12,MORTGAGE,0
69,41944.07,11369.94,664,0.217,23,5,1,24,MORTGAGE,0
58,52454.93,4311.51,650,0.668,37,12,0,36,MORTGAGE,0
32,51571.0,15621.12,692,0.408,16,16,0,12,MORTGAGE,0
58,29185.07,13550.21,650,0.285,34,17,3,12,MORTGAGE,1
26,49728.2,12426.81,587,0.216,38,19,1,24,MORTGAGE,0
44,81727.59,16590.17,609,0.317,23,12,1,48,OWN,0
51,59746.76,20984.02,561,0.057,8,8,0,12,MORTGAGE,1
43,28078.77,20612.52,692,0.288,16,12,0,24,RENT,0
55,23883.21,19421.83,651,0.311,1,2,1,12,OWN,1
32,88295.52,13074.64,621,0.189,27,16,0,24,OWN,0
50,53193.62,10464.01,605,0.462,10,10,2,24,RENT,1
52,42051.8,6648.67,690,0.317,36,3,0,48,OWN,1
52,49520.16,10254.75,712,0.255,26,8,0,12,RENT,0
35,25453.84,15157.2,560,0.301,19,6,0,60,MORTGAGE,1
35,83461.9,8709.71,547,0.403,7,6,0,24,OWN,1
33,47138.94,15768.46,726,0.361,3,1,0,60,OWN,0
43,82348.03,7276.35,540,0.245,26,0,0,48,OWN,0
49,56033.03,1712.06,694,0.369,30,6,0,24,RENT,0
38,83590.64,21555.25,779,0.342,10,6,0,24,OWN,0
41,60133.89,11204.68,780,0.179,0,19,0,60,RENT,0
35,72064.65,8303.73,709,0.307,12,5,0,60,MORTGAGE,0
31,69381.86,6249.22,707,0.437,30,6,0,48,RENT,0
53,67465.82,18384.29,830,0.436,23,18,0,12,RENT,0
60,61958.69,25999.26,463,0.316,3,17,0,60,MORTGAGE,1
35,50342.99,11775.41,613,0.452,4,1,1,36,RENT,1
63,93308.69,13275.49,718,0.203,4,1,0,12,MORTGAGE,0
48,36861.26,23573.05,623,0.208,30,1,1,60,RENT,1
29,55086.15,1000.0,749,0.312,31,9,1,12,OWN,0
38,55297.72,30734.95,647,0.575,16,11,0,24,MORTGAGE,0
21,63048.82,34552.8,661,0.374,27,7,0,12,MORTGAGE,0
22,46410.55,1000.0,628,0.309,0,0,0,36,OWN,0
37,61294.93,14219.97,608,0.582,22,4,0,60,MORTGAGE,0
43,51623.15,9248.42,606,0.307,10,12,1,12,MORTGAGE,1
60,23360.95,12881.83,672,0.685,32,7,0,12,RENT,0
27,55191.05,11652.92,588,0.273,19,2,1,60,RENT,1
62,32988.69,21494.07,726,0.198,34,13,0,12,RENT,0
32,20312.28,14099.44,702,0.325,22,12,1,12,RENT,0
27,57737.47,7712.74,738,0.313,18,9,0,36,RENT,0
55,64757.67,13622.52,560,0.229,37,18,0,24,OWN,0
58,65533.96,19118.27,514,0.74,39,16,0,60,MORTGAGE,1
50,66343.41,5530.23,650,0.398,18,0,1,12,OWN,0
26,16348.22,1830.13,850,0.42,14,18,1,36,RENT,0
26,27779.66,30941.94,751,0.281,25,0,1,60,MORTGAGE,0
40,94470.43,9860.59,606,0.263,6,9,1,48,OWN,0
43,34055.82,13901.18,684,0.504,15,18,2,12,MORTGAGE,1
69,67216.82,11817.64,708,0.099,33,19,0,12,OWN,0
35,41261.25,19384.7,541,0.179,35,0,0,12,OWN,1
30,56593.45,29182.32,760,0.313,16,1,0,60,OWN,0
67,42334.92,19639.47,637,0.553,15,4,0,24,MORTGAGE,1
28,66230.82,2853.08,643,0.294,34,5,0,12,RENT,0
22,57735.48,3927.01,652,0.412,8,5,2,24,OWN,1
41,46034.2,11808.28,742,0.354,2,8,0,24,MORTGAGE,0
40,33996.56,12854.13,590,0.544,2,6,0,12,RENT,1
51,60355.48,1224.39,513,0.112,4,11,2,36,RENT,1
64,30745.62,21554.73,676,0.46,35,17,0,60,OWN,0
66,63549.62,6309.44,487,0.32,1,10,0,24,MORTGAGE,1
35,107529.7,26946.41,626,0.489,13,6,0,60,MORTGAGE,0
69,82003.4,29565.06,745,0.227,24,11,2,48,OWN,0
52,69366.96,13013.97,696,0.354,24,12,0,24,OWN,0
24,53287.85,18511.78,733,0.335,33,17,0,48,OWN,0
66,16224.95,5144.42,700,0.2,39,18,0,24,OWN,0
27,28554.27,19989.41,843,0.158,16,5,1,24,MORTGAGE,0
49,80655.86,11014.46,603,0.263,9,18,0,24,OWN,0
59,39204.88,6302.12,682,0.369,3,16,2,12,OWN,0
33,41014.96,12685.32,615,0.236,35,2,0,48,MORTGAGE,0
34,51686.99,11274.02,727,0.3,14,11,3,12,RENT,0
44,33759.07,12398.72,645,0.067,35,3,0,12,MORTGAGE,0
64,30464.63,22597.44,788,0.294,13,9,0,12,MORTGAGE,0
31,53990.52,8717.54,608,0.504,30,0,1,12,OWN,0
53,37169.41,28880.18,763,0.456,25,5,0,60,OWN,0
43,40179.63,4399.52,697,0.337,28,11,2,12,OWN,0
26,39376.18,27923.44,647,0.387,26,6,0,48,OWN,0
55,65447.2,6867.92,693,0.226,12,0,0,24,OWN,0
61,50357.49,14991.89,671,0.594,4,7,0,12,MORTGAGE,0
49,51428.56,11078.43,678,0.66,0,10,1,24,RENT,1
29,66938.92,12250.17,633,0.375,16,15,3,12,OWN,1
28,52159.21,21410.86,594,0.739,35,2,0,24,OWN,1
41,49434.92,26998.61,623,0.248,25,9,0,60,OWN,1
45,64409.01,24524.2,515,0.162,26,3,1,48,MORTGAGE,1
48,68363.96,11761.15,717,0.244,10,3,1,60,RENT,0
32,52058.53,16474.04,551,0.317,19,2,0,48,OWN,1
45,56612.16,8743.38,633,0.697,16,15,0,60,RENT,1
35,39364.2,7067.6,702,0.308,5,18,1,12,RENT,0
54,37786.34,5829.59,717,0.221,24,13,0,12,OWN,0
60,70382.95,11499.41,508,0.215,14,7,0,36,MORTGAGE,1
52,63898.84,16996.85,643,0.521,16,18,1,36,RENT,1
21,64105.97,1000.0,687,0.5,23,9,0,48,RENT,0
69,60617.09,14629.17,654,0.277,1,10,0,12,RENT,1
22,55924.07,27128.2,758,0.069,37,12,0,12,OWN,0
69,68928.24,23975.29,584,0.181,8,13,0,48,MORTGAGE,0
22,73702.18,10318.53,486,0.608,27,9,0,36,MORTGAGE,1
46,73224.56,3825.02,715,0.453,31,9,0,36,RENT,0
26,52984.44,18678.64,607,0.36,6,6,2,24,MORTGAGE,1
25,82739.85,1000.0,509,0.63,9,13,1,48,RENT,1
54,59569.21,23881.23,637,0.644,16,13,0,60,OWN,0
56,67647.52,13291.3,748,0.345,32,8,2,12,MORTGAGE,0
26,60641.76,29650.4,549,0.347,25,14,0,12,MORTGAGE,1
68,59940.13,1184.28,837,0.263,18,2,0,48,MORTGAGE,0
36,40284.96,22345.17,583,0.307,33,8,0,60,RENT,0
36,69027.02,14195.93,657,0.127,18,19,0,24,MORTGAGE,0
35,111905.89,12351.6,552,0.126,35,14,0,48,OWN,0
43,47504.1,4041.25,653,0.092,30,14,1,60,OWN,0
29,56419.89,19765.98,639,0.513,6,17,0,12,OWN,1
41,46075.89,20409.1,531,0.116,15,12,1,12,OWN,1
31,45239.6,29281.02,850,0.642,1,13,0,12,RENT,0
23,85888.99,23064.4,610,0.24,9,9,0,48,MORTGAGE,0
39,41540.58,10248.84,610,0.611,0,16,0,48,MORTGAGE,1
53,45518.39,6969.1,728,0.295,4,14,0,12,RENT,0
58,23250.14,4052.07,795,0.115,0,10,0,12,RENT,0
38,39847.77,26785.79,740,0.543,26,2,1,48,RENT,0
36,20832.0,8774.61,554,0.56,16,16,2,60,OWN,1
59,67636.09,26841.84,667,0.214,18,6,0,48,RENT,0
54,110993.94,19200.58,499,0.3,30,7,1,12,MORTGAGE,1
61,47666.42,17639.22,722,0.214,32,2,0,24,MORTGAGE,0
65,21664.84,12545.05,519,0.332,21,4,0,12,MORTGAGE,1
61,72999.99,20285.38,586,0.366,18,2,1,24,RENT,1
66,40461.5,14876.23,650,0.297,25,1,0,36,MORTGAGE,0
41,80986.94,12046.29,686,0.077,16,0,0,24,OWN,0
40,49359.42,20568.04,629,0.263,17,5,1,48,RENT,1
36,42363.69,13848.22,772,0.456,11,15,1,24,OWN,0
32,51440.85,8613.32,708,0.319,7,17,0,36,RENT,0
57,70155.54,19798.61,702,0.301,7,4,0,48,MORTGAGE,0
56,50451.59,14488.11,552,0.21,26,8,0,12,RENT,1
60,45065.51,18911.28,786,0.258,33,16,0,12,RENT,0
29,51023.37,11369.12,586,0.561,16,14,1,24,RENT,1
45,29562.9,5327.03,789,0.179,3,18,1,12,OWN,0
31,62940.63,28880.59,812,0.458,24,8,0,12,MORTGAGE,0
64,19265.47,27372.89,691,0.357,36,3,0,24,MORTGAGE,0
34,46117.57,22070.28,733,0.387,21,2,1,24,OWN,0
28,70187.7,11897.51,403,0.24,1,14,0,24,RENT,1
48,61060.97,12597.46,634,0.297,3,0,0,12,RENT,1
64,66806.41,26058.62,738,0.349,20,9,0,12,OWN,0
65,53699.09,12169.36,724,0.272,34,7,0,60,MORTGAGE,0
25,78394.92,9939.55,552,0.4,2,18,1,48,RENT,1
36,73493.98,29977.88,627,0.419,30,19,1,36,MORTGAGE,0
28,63922.82,14618.58,447,0.676,31,9,2,12,RENT,1
36,73550.92,29147.4,683,0.392,2,11,2,24,MORTGAGE,0
47,70008.47,3812.86,499,0.063,8,7,0,60,RENT,1
34,46210.73,19145.48,740,0.524,0,15,0,60,MORTGAGE,1
24,28122.02,31568.66,745,0.319,22,5,0,48,RENT,0
45,63407.24,15238.01,612,0.652,6,14,0,24,RENT,0
23,65921.78,12887.96,692,0.571,36,18,0,36,RENT,0
32,76809.44,5657.98,633,0.274,3,3,1,12,RENT,1
21,36273.57,23658.74,669,0.458,25,4,0,60,MORTGAGE,1
25,36871.38,8838.98,558,0.261,31,7,0,12,RENT,0
42,64198.01,14241.53,700,0.35,7,16,1,48,OWN,1
62,53576.66,5123.98,519,0.451,10,12,0,24,MORTGAGE,1
58,17284.77,27455.16,504,0.517,31,3,0,36,OWN,1
25,62502.16,24239.08,640,0.484,3,7,1,60,MORTGAGE,1
22,17951.54,14747.32,633,0.361,17,12,0,24,MORTGAGE,0
37,36094.87,5766.81,672,0.723,10,19,0,12,MORTGAGE,0
52,82033.63,27287.26,598,0.295,0,9,0,48,MORTGAGE,0
57,91497.58,12072.55,801,0.109,18,1,1,36,RENT,0
61,30686.87,6158.36,663,0.138,19,2,1,12,RENT,0
37,48412.17,1000.0,669,0.571,13,0,1,12,RENT,1
29,55852.45,9832.28,666,0.339,32,2,1,36,RENT,0
22,90624.54,3362.9,730,0.374,3,8,0,48,RENT,0
28,45142.62,10017.43,696,0.269,17,5,0,12,RENT,0
24,45462.32,20955.27,685,0.282,7,6,1,36,MORTGAGE,1
63,85974.51,11996.8,709,0.232,30,15,0,36,MORTGAGE,0
34,47504.22,17845.55,504,0.421,22,9,0,12,OWN,1
61,69444.03,9213.32,507,0.335,28,14,0,48,MORTGAGE,1
48,25457.14,15521.35,644,0.415,4,10,0,48,OWN,1
47,51575.35,30367.21,634,0.401,18,4,1,12,OWN,1
43,21808.06,12212.11,696,0.286,2,18,0,48,MORTGAGE,0
61,33891.32,18075.44,652,0.131,12,9,0,24,RENT,1
23,71784.03,2475.78,697,0.118,37,16,0,36,RENT,0
25,54001.89,27160.85,550,0.804,29,1,1,60,OWN,1
41,48617.89,11182.35,649,0.572,3,16,1,60,RENT,0
40,40025.01,23404.27,543,0.551,14,14,0,24,MORTGAGE,1
47,50586.88,14014.56,681,0.249,34,4,0,24,OWN,0
57,61022.26,19892.63,500,0.351,6,15,1,12,RENT,1
49,74658.32,20368.1,678,0.228,30,14,0,60,RENT,0
33,12000.0,11380.48,532,0.153,12,17,1,24,RENT,1
37,38364.78,23735.25,619,0.262,19,4,0,60,OWN,0
57,58181.92,8928.12,722,0.549,35,17,0,60,RENT,0
30,53022.74,21223.47,668,0.476,26,15,1,36,RENT,0
45,63067.52,11878.36,518,0.204,11,6,0,48,MORTGAGE,1
47,60350.81,17796.46,596,0.303,0,7,0,36,MORTGAGE,1
57,48902.64,11304.06,530,0.462,9,5,0,36,MORTGAGE,1
56,44462.94,15399.81,514,0.264,16,9,0,24,RENT,1
43,50089.97,6402.45,659,0.362,5,17,1,60,RENT,0
36,77974.85,16980.46,695,0.41,35,16,1,12,OWN,0
39,40359.84,15353.5,685,0.409,2,2,2,48,MORTGAGE,1
41,53743.87,10678.77,698,0.388,21,2,0,60,OWN,0
31,58666.84,14559.78,649,0.252,39,1,0,60,OWN,0
51,86207.02,16072.04,628,0.267,13,12,0,48,MORTGAGE,1
31,48993.83,10069.14,564,0.18,21,6,0,48,OWN,0
52,74176.13,13969.93,615,0.116,2,15,1,60,MORTGAGE,0
57,79639.59,6955.58,544,0.333,29,15,0,60,MORTGAGE,1
68,53724.91,33765.86,582,0.472,39,3,1,24,MORTGAGE,1
26,50785.62,23472.95,657,0.143,30,13,0,48,OWN,0
58,48418.93,17184.75,641,0.391,5,15,0,36,OWN,1
25,49883.54,24376.9,850,0.468,14,19,0,24,RENT,0
37,72084.8,1000.0,542,0.074,28,14,0,60,MORTGAGE,0
29,59620.2,1000.0,640,0.309,31,7,0,12,RENT,0
28,59705.79,11805.67,536,0.597,16,19,0,12,RENT,1
29,32495.53,3971.49,619,0.433,38,5,0,12,MORTGAGE,0
23,35650.2,13107.16,622,0.069,8,16,1,24,OWN,0
61,97868.94,16645.25,718,0.449,29,7,1,36,OWN,0
23,51443.49,22363.32,614,0.238,19,18,0,60,MORTGAGE,1
40,39504.56,5893.89,635,0.454,28,15,0,60,RENT,0
55,83621.98,18197.05,616,0.246,23,11,1,60,MORTGAGE,1
69,60636.17,15115.12,538,0.342,17,4,0,48,OWN,1
62,66563.1,17780.07,598,0.269,32,3,2,36,OWN,0
27,52239.06,10841.82,619,0.35,33,18,1,48,RENT,0
69,48626.54,26065.08,656,0.265,32,16,1,24,MORTGAGE,0
53,51608.27,14171.93,695,0.316,3,10,1,48,RENT,0
29,27345.24,29193.46,631,0.174,16,17,0,12,OWN,1
42,53241.45,8676.89,630,0.424,29,15,0,60,MORTGAGE,1
65,60920.66,20942.62,512,0.376,34,7,1,60,RENT,1
40,92009.26,14522.65,693,0.108,14,16,1,48,OWN,0
29,56719.98,12378.06,594,0.499,29,15,0,12,MORTGAGE,0
63,12000.0,20058.52,710,0.324,22,9,0,24,RENT,0
67,53120.29,12606.61,755,0.374,8,0,0,48,RENT,0
68,109790.08,1000.0,635,0.465,35,14,1,36,OWN,0
67,72327.32,1000.0,568,0.399,17,6,0,36,OWN,0
63,38782.22,25179.38,649,0.525,24,7,0,36,MORTGAGE,1
43,66822.13,24842.07,678,0.306,11,14,0,60,MORTGAGE,0
30,40159.73,30098.73,625,0.505,1,16,1,12,RENT,1
51,27923.85,14859.77,605,0.368,18,1,1,36,RENT,1
31,48032.61,4658.92,695,0.426,28,16,1,24,RENT,0
44,56830.53,11643.33,690,0.411,13,5,1,48,MORTGAGE,0
53,17556.89,15091.4,622,0.536,37,11,1,24,OWN,1
67,32016.81,6943.69,518,0.458,30,17,1,24,MORTGAGE,1
35,55206.71,28188.6,687,0.284,25,4,0,12,RENT,0
33,46836.54,32916.02,589,0.254,32,4,1,60,OWN,1
57,62896.23,18826.25,667,0.343,34,19,0,24,RENT,0
21,30706.63,14913.09,662,0.236,28,7,1,60,OWN,0
48,69282.27,4640.26,499,0.192,33,18,0,60,RENT,1
57,31324.82,27371.47,656,0.031,28,7,0,60,RENT,0
47,87854.69,15610.45,691,0.118,34,12,1,24,RENT,0
39,20684.83,12686.68,701,0.648,4,10,0,48,MORTGAGE,0
61,33148.91,18849.39,659,0.252,13,19,0,60,OWN,0
39,63347.42,10314.31,492,0.636,35,11,1,12,OWN,1
55,88284.67,16175.0,752,0.41,18,10,0,12,RENT,0
43,61300.86,3460.27,683,0.343,0,9,2,24,RENT,0
22,66257.16,23696.7,554,0.125,33,7,2,60,OWN,1
46,55350.74,14164.71,587,0.351,26,8,0,12,MORTGAGE,1
23,34472.03,24270.41,668,0.634,36,9,0,48,MORTGAGE,0
66,45197.23,13390.91,704,0.584,0,15,1,60,RENT,0
50,30761.81,13910.4,611,0.391,5,0,0,60,RENT,1
39,29425.8,5301.46,716,0.178,20,10,2,36,OWN,0
44,63034.98,21078.06,507,0.206,7,10,2,36,RENT,1
51,32536.44,7993.28,567,0.222,20,15,1,48,OWN,1
33,61391.08,11108.62,485,0.542,13,13,1,48,MORTGAGE,1
35,28963.54,15008.38,578,0.595,8,8,2,48,RENT,1
41,60927.66,15969.79,771,0.379,30,2,1,24,OWN,0
33,45226.35,1351.22,815,0.305,1,7,0,60,OWN,0
58,83132.31,13153.55,669,0.582,34,5,0,36,OWN,0
26,61474.38,21361.84,599,0.203,6,4,0,24,OWN,0
61,79715.66,11973.3,632,0.358,23,14,1,48,OWN,0
38,39887.07,13202.15,688,0.419,39,9,0,48,RENT,0
48,56122.87,16299.25,525,0.221,4,15,0,12,MORTGAGE,1
28,35378.26,13992.32,604,0.255,37,2,0,12,RENT,0
39,46727.9,6755.88,765,0.243,12,19,0,12,RENT,0
57,49757.92,14709.23,566,0.563,29,9,2,36,RENT,1
34,40482.84,22952.59,590,0.637,34,5,1,60,RENT,1
27,30689.94,6590.59,651,0.367,9,7,0,24,OWN,1
46,26729.65,12004.14,673,0.31,13,16,0,12,MORTGAGE,0
28,12000.0,3946.95,600,0.26,34,14,1,60,RENT,1
36,33873.07,22531.06,656,0.35,4,3,0,48,RENT,1
43,67549.88,14261.13,699,0.267,4,19,0,36,OWN,0
48,23030.03,8198.4,807,0.335,12,2,0,12,OWN,0
52,27637.54,15738.12,640,0.412,24,5,0,48,OWN,1
54,90817.97,5371.2,647,0.289,32,14,0,24,RENT,0
62,42270.08,6732.04,772,0.322,22,10,1,24,RENT,0
24,61420.92,3318.93,606,0.322,19,8,0,24,OWN,1
38,67846.34,6465.77,544,0.302,34,18,0,12,MORTGAGE,1
21,68250.52,25858.7,670,0.284,6,15,0,36,OWN,1
21,24553.72,9135.05,736,0.464,36,19,1,48,MORTGAGE,0
31,50378.81,18729.8,679,0.084,12,5,0,60,OWN,1
50,22635.45,8309.59,642,0.586,11,17,2,48,OWN,1
64,103926.36,21076.27,534,0.37,38,4,0,60,OWN,0
58,23102.49,6791.34,645,0.442,25,16,1,60,OWN,0
52,34043.2,15313.82,749,0.459,17,10,1,24,RENT,0
59,34187.98,15422.81,551,0.244,13,11,1,36,OWN,1
29,25066.79,33622.44,630,0.213,17,2,0,24,RENT,1
62,82051.88,20043.4,619,0.195,31,17,1,48,RENT,0
64,103448.96,10256.77,594,0.313,6,5,0,60,MORTGAGE,0
25,45485.02,20480.39,670,0.455,6,11,0,60,RENT,0
44,28591.54,32105.4,685,0.262,12,3,1,12,RENT,1
61,12000.0,1962.91,685,0.441,19,18,0,36,OWN,0
44,50117.83,8260.14,572,0.0,32,6,0,12,OWN,0
62,48672.69,13104.82,518,0.292,8,15,0,24,MORTGAGE,1
66,41974.08,11663.29,671,0.525,31,15,1,36,OWN,0
44,59427.51,12337.95,610,0.324,36,11,0,48,RENT,0
23,62903.46,4566.14,797,0.226,17,2,1,48,OWN,0
37,61461.67,26231.65,801,0.251,38,5,0,60,OWN,0
31,48677.5,3619.13,809,0.0,35,12,0,24,OWN,0
44,32967.56,13398.3,575,0.198,31,10,1,36,MORTGAGE,1
49,68316.66,23366.64,696,0.509,15,11,1,12,MORTGAGE,0
43,55250.28,14758.52,720,0.263,12,4,1,12,MORTGAGE,0
30,72767.15,7164.85,711,0.28,34,10,0,60,OWN,0
35,70801.51,4210.59,622,0.0,17,1,0,60,RENT,0
54,26564.76,13160.01,752,0.105,1,9,0,60,RENT,0
22,26315.56,8943.76,650,0.529,28,1,0,24,MORTGAGE,0
31,39889.19,16641.85,660,0.443,13,13,0,48,MORTGAGE,0
64,33874.69,3788.39,527,0.155,37,11,2,24,RENT,1
25,70105.04,21504.29,702,0.255,34,17,1,48,RENT,0
41,62026.19,15924.4,629,0.346,4,9,0,36,RENT,0
31,76983.68,16518.69,687,0.171,36,3,2,60,MORTGAGE,0
26,62929.74,26528.61,669,0.049,37,4,0,24,RENT,0
41,59172.99,11497.64,664,0.326,30,16,0,48,RENT,0
46,78994.6,9193.47,646,0.436,11,19,1,48,OWN,0
29,64394.55,10617.89,713,0.439,26,1,0,48,OWN,0
24,56362.02,13459.79,634,0.481,34,13,0,12,OWN,0
27,84609.06,14272.28,534,0.117,32,9,0,36,OWN,0
52,57303.62,8354.42,696,0.359,17,5,0,36,RENT,0
63,48913.19,1000.0,585,0.31,28,10,1,24,RENT,1
29,38243.53,10512.57,544,0.337,15,18,1,60,RENT,1
36,69060.51,17878.61,568,0.318,10,3,0,60,MORTGAGE,0
37,79741.01,16090.07,673,0.251,26,16,0,12,OWN,0
38,53988.25,24596.44,642,0.0,18,1,0,48,RENT,1
32,81158.31,30643.89,479,0.524,8,14,2,60,MORTGAGE,1
23,15599.7,21074.67,619,0.399,26,1,2,24,OWN,1
46,53890.93,26060.17,744,0.127,12,1,0,48,MORTGAGE,0
38,54198.1,21134.19,614,0.421,23,0,1,48,MORTGAGE,1
37,40460.11,28679.19,637,0.283,14,16,0,12,RENT,1
33,102677.22,29806.83,733,0.287,35,11,0,60,OWN,0
66,53676.15,22609.32,714,0.235,34,13,0,48,OWN,0
50,46845.38,20651.04,732,0.431,18,3,0,24,OWN,0
41,55519.24,13358.14,428,0.23,28,18,0,24,OWN,1
31,14943.73,14669.3,789,0.185,7,16,0,48,OWN,0
60,39802.64,12297.3,701,0.52,39,9,0,60,RENT,0
64,74664.8,19970.01,847,0.323,8,17,0,12,RENT,0
22,42421.09,9237.22,587,0.328,34,2,0,24,OWN,0
66,38422.5,13471.15,509,0.454,33,5,0,48,MORTGAGE,1
55,81190.51,1000.0,651,0.25,7,0,0,12,RENT,0
25,81805.09,28784.72,628,0.28,0,3,2,60,OWN,1
57,65339.81,13236.2,702,0.396,29,16,2,24,RENT,0
26,45897.65,18644.64,736,0.119,34,8,1,60,OWN,0
23,50210.58,26662.29,643,0.383,28,12,0,12,RENT,1
26,38917.0,17402.35,631,0.237,2,17,1,60,OWN,0
43,35104.54,26554.75,692,0.478,25,15,0,12,MORTGAGE,0
51,34111.67,5066.1,629,0.432,15,7,0,48,OWN,1
40,42638.91,34179.01,623,0.412,36,6,0,24,MORTGAGE,1
26,34305.58,23696.88,733,0.109,32,2,0,36,RENT,0
30,23725.9,16673.62,751,0.334,31,16,0,12,RENT,0
62,59388.05,26400.63,737,0.173,16,19,1,48,RENT,0
68,59691.91,5650.92,637,0.344,12,10,1,48,RENT,0
57,89015.86,12691.08,479,0.003,32,9,0,24,OWN,1
26,41633.23,26554.0,638,0.119,4,16,1,36,MORTGAGE,0
61,60922.01,1000.0,589,0.528,4,6,0,36,RENT,1
54,61254.25,19483.66,640,0.405,2,8,1,48,OWN,1
46,49923.25,19257.41,596,0.297,20,17,0,36,RENT,0
28,69886.67,30753.81,648,0.214,3,7,1,12,MORTGAGE,1
69,70504.58,2336.36,567,0.187,23,18,0,36,OWN,0
42,61548.22,27877.05,548,0.38,6,3,0,24,RENT,1
23,49887.21,10524.23,748,0.298,35,9,0,36,OWN,0
31,47849.4,11423.92,572,0.582,17,9,0,24,RENT,1
40,27644.92,5223.96,650,0.322,3,6,1,24,OWN,0
24,38881.64,6297.18,726,0.359,27,19,2,24,RENT,0
36,42559.85,18228.18,723,0.142,13,9,0,24,MORTGAGE,0
43,32520.56,6101.34,714,0.296,10,17,0,48,RENT,0
67,63798.48,20922.27,674,0.377,26,4,1,24,OWN,1
25,78932.56,9696.27,708,0.294,38,6,1,48,MORTGAGE,0
49,36838.75,5295.73,760,0.277,39,9,2,36,RENT,0
65,60668.83,10777.53,684,0.399,17,11,0,48,MORTGAGE,0
60,34317.78,17693.66,503,0.577,33,4,0,12,MORTGAGE,1
66,48901.56,12781.17,608,0.372,8,6,0,24,RENT,1
29,41193.41,15273.68,706,0.522,33,12,1,60,OWN,0
60,67037.91,20569.66,600,0.443,37,5,0,60,MORTGAGE,0
68,41424.24,23659.37,780,0.513,20,15,2,12,OWN,0
36,75233.21,12519.24,645,0.259,20,9,1,60,MORTGAGE,0
45,50085.58,6646.22,657,0.319,22,19,0,60,MORTGAGE,0
47,42007.93,15608.76,740,0.32,2,4,0,12,OWN,0
45,29933.89,18765.2,635,0.432,34,16,0,24,RENT,0
35,60064.09,3314.2,664,0.469,29,9,0,12,OWN,0
68,72904.37,7875.13,722,0.369,34,1,0,60,OWN,0
67,60466.43,9246.5,532,0.482,4,14,0,60,MORTGAGE,0
39,99776.63,13337.42,627,0.266,32,4,1,48,RENT,0
60,83595.75,8911.73,716,0.483,14,2,1,24,MORTGAGE,0
40,48849.44,20656.33,655,0.502,32,10,0,60,RENT,0
59,48639.45,2158.93,767,0.452,39,15,0,60,OWN,0
49,64393.93,2362.25,524,0.37,35,5,0,60,OWN,0
44,38239.62,12328.89,515,0.457,36,12,0,24,MORTGAGE,1
27,78325.77,13594.78,712,0.216,4,0,1,48,RENT,0
53,62232.01,3362.85,719,0.38,13,3,1,48,MORTGAGE,0
36,60129.18,10146.01,635,0.395,11,15,1,12,RENT,1
31,68739.07,11791.65,682,0.151,20,0,1,36,MORTGAGE,0
30,89456.6,11853.62,710,0.421,39,7,0,36,OWN,0
69,58419.11,16215.05,585,0.163,27,10,1,36,OWN,1
26,52739.19,9707.37,593,0.286,21,1,1,24,RENT,1
60,85174.39,26822.69,665,0.356,32,19,2,48,OWN,0
63,74351.01,18905.64,722,0.24,7,10,0,60,OWN,0
22,48580.4,8543.09,557,0.362,26,6,0,48,RENT,0
49,55103.73,15756.09,634,0.36,20,19,1,60,RENT,0
49,58907.62,15992.12,630,0.227,8,11,1,48,OWN,0
38,62236.26,24717.77,683,0.435,25,13,0,24,OWN,0
53,27868.0,10196.94,649,0.235,33,1,1,48,MORTGAGE,1
41,24150.31,21138.71,606,0.693,33,3,0,48,OWN,1
42,37252.2,15334.84,750,0.334,33,0,0,60,OWN,0
42,35705.23,26932.53,607,0.174,32,10,2,24,OWN,1
60,42123.52,25327.13,627,0.202,18,16,0,12,OWN,1
52,67694.21,16575.83,523,0.522,1,18,0,48,MORTGAGE,1
39,51621.42,12901.74,593,0.289,38,11,0,48,MORTGAGE,0
66,58927.89,19052.85,691,0.145,18,1,0,48,MORTGAGE,0
60,30513.93,13556.4,676,0.478,25,12,0,48,OWN,0
66,45767.16,28442.46,698,0.288,0,12,1,36,RENT,0
56,66745.15,15627.76,694,0.448,35,11,1,12,OWN,0
40,66899.05,11754.86,817,0.49,35,14,0,60,OWN,0
58,40508.52,11323.08,590,0.391,37,11,0,24,RENT,1
37,58233.25,5295.72,520,0.709,6,14,0,24,MORTGAGE,1
34,98976.96,19452.47,566,0.091,33,9,1,60,OWN,0
43,54648.04,8439.91,594,0.227,24,3,1,48,OWN,1
68,41136.26,23785.19,572,0.312,5,1,1,36,OWN,1
48,51524.75,4656.52,657,0.689,22,18,0,48,MORTGAGE,1
39,56843.54,16017.93,750,0.62,19,8,1,12,MORTGAGE,0
43,51976.63,24201.79,773,0.543,25,6,0,24,MORTGAGE,0
35,54372.91,1000.0,690,0.231,3,5,1,24,MORTGAGE,1
53,26131.06,31146.12,821,0.248,22,1,0,36,MORTGAGE,0
38,35747.39,11597.72,621,0.226,27,18,1,24,MORTGAGE,1
48,52013.3,16128.76,519,0.232,28,1,2,12,RENT,1
39,51694.64,19571.59,734,0.574,30,4,2,48,OWN,0
36,43676.21,20809.03,503,0.313,25,9,1,36,RENT,1
68,51459.73,17191.07,590,0.333,28,7,0,24,MORTGAGE,0
37,56220.3,22979.08,692,0.466,3,0,1,60,OWN,0
24,72788.27,19152.57,642,0.1,31,6,0,24,OWN,0
39,53015.77,29087.05,635,0.358,14,15,0,12,OWN,1
47,62982.06,19178.62,556,0.185,21,5,0,60,MORTGAGE,0
25,44167.99,30717.08,649,0.306,21,17,3,12,MORTGAGE,1
35,66441.91,22208.63,730,0.262,39,7,0,12,RENT,0
29,62514.61,1000.0,652,0.254,13,0,0,36,MORTGAGE,0
45,72316.34,35888.82,584,0.384,15,2,0,36,MORTGAGE,1
56,69269.21,10405.25,550,0.383,30,16,0,24,RENT,0
68,66774.71,26964.35,585,0.317,25,8,0,60,OWN,0
40,53031.65,15214.35,681,0.406,12,19,1,24,OWN,1
63,59898.78,23488.72,677,0.22,13,15,2,60,OWN,0
31,76270.18,9492.17,586,0.452,33,0,0,48,MORTGAGE,0
59,41958.51,20005.96,473,0.319,33,6,0,12,RENT,1
48,42431.84,12974.48,684,0.277,5,14,1,36,MORTGAGE,0
58,58628.63,27632.02,578,0.231,15,1,0,12,OWN,0
58,63305.59,18509.35,705,0.314,30,19,2,60,MORTGAGE,0
47,38517.87,22487.54,590,0.631,4,3,0,48,MORTGAGE,1
33,53504.75,1000.0,571,0.341,7,15,0,36,OWN,1
46,53120.02,14315.42,662,0.178,6,16,1,48,RENT,0
61,12000.0,18284.41,839,0.488,21,10,0,48,MORTGAGE,0
68,50608.12,16788.92,710,0.279,18,16,0,36,OWN,0
66,51853.64,22689.26,661,0.393,12,17,0,24,OWN,1
29,51794.14,12072.77,679,0.259,5,14,0,24,RENT,1
50,83318.29,15390.3,510,0.542,25,14,1,24,RENT,1
26,30684.03,24449.81,560,0.261,32,7,0,48,RENT,1
53,38507.55,1000.0,449,0.56,8,5,2,36,RENT,1
69,12000.0,19714.8,788,0.193,26,17,1,36,MORTGAGE,0
23,45381.67,12328.92,772,0.306,31,4,0,48,OWN,0
53,47087.13,7701.46,681,0.56,22,8,0,36,OWN,0
67,44800.46,17692.35,661,0.375,22,10,0,60,MORTGAGE,0
62,77153.55,24819.61,526,0.691,6,7,1,24,MORTGAGE,1
40,72212.35,23313.15,632,0.31,38,7,0,12,OWN,0
26,56557.13,13919.1,793,0.389,38,11,0,36,RENT,0
66,47587.74,22005.93,661,0.636,28,6,1,36,OWN,1
66,75523.79,21944.54,605,0.123,36,19,0,60,MORTGAGE,0
49,54604.84,14301.03,509,0.104,24,3,0,48,OWN,1
68,38634.6,9455.36,760,0.231,26,7,0,60,RENT,0
21,20675.03,9918.13,644,0.472,33,16,0,12,MORTGAGE,1
51,46173.71,21702.83,509,0.109,1,9,0,36,OWN,1
22,70092.87,14662.83,576,0.44,8,14,0,60,RENT,1
66,100530.77,6630.54,548,0.429,8,12,0,36,RENT,0
54,56232.21,1521.1,639,0.652,25,6,0,24,OWN,0
65,39692.89,21654.65,667,0.507,9,14,0,48,RENT,1
48,31300.7,10625.77,610,0.405,15,4,0,60,RENT,0
25,66039.1,17643.1,712,0.554,19,14,0,24,RENT,0
22,19707.68,24917.66,656,0.431,29,2,2,36,OWN,1
37,66006.9,4528.6,735,0.281,20,13,0,60,MORTGAGE,0
57,71354.23,14638.9,621,0.178,0,2,0,12,OWN,0
28,63725.59,13634.45,850,0.265,27,17,0,12,MORTGAGE,0
62,50606.77,18037.94,605,0.344,17,12,2,48,OWN,1
32,66298.81,24913.28,578,0.376,4,0,0,48,OWN,1
45,58418.77,4364.39,568,0.03,26,2,0,12,OWN,0
30,39437.52,19558.38,633,0.317,10,3,0,36,RENT,1
43,92008.25,23252.19,512,0.354,18,19,0,48,MORTGAGE,1
43,47966.41,13508.98,674,0.432,38,11,0,60,RENT,0
21,70515.05,13900.42,498,0.594,9,5,0,60,MORTGAGE,1
48,12000.0,18347.59,663,0.378,35,5,1,24,OWN,0
59,80529.42,17758.54,542,0.214,18,0,0,36,RENT,1
66,84375.27,19658.82,619,0.077,37,4,2,48,OWN,0
37,55596.68,19490.24,698,0.453,33,17,2,24,RENT,0
64,66175.42,7144.22,834,0.22,33,11,0,12,OWN,0
64,66170.3,22922.13,564,0.48,8,7,0,36,RENT,1
69,42144.33,24334.27,638,0.56,31,0,0,48,OWN,1
39,65942.45,16488.66,592,0.118,14,6,1,36,RENT,1
62,38827.39,3046.76,580,0.433,36,7,0,48,RENT,1
48,42824.86,14082.03,593,0.544,39,2,0,48,RENT,1
23,77538.86,16555.25,716,0.503,24,12,1,60,RENT,0
34,74493.15,5843.2,611,0.036,36,13,0,48,MORTGAGE,0
53,40872.49,12118.9,830,0.222,21,19,0,12,MORTGAGE,0
28,40328.47,3725.04,683,0.158,1,7,1,36,MORTGAGE,0
42,42088.07,19858.34,569,0.429,34,5,0,12,MORTGAGE,1
58,69652.79,16327.64,621,0.412,21,16,0,48,RENT,1
28,35000.3,1833.73,586,0.0,1,7,0,60,MORTGAGE,1
45,62134.25,17811.72,714,0.305,2,12,0,48,MORTGAGE,1
31,69936.94,14547.93,519,0.47,28,14,0,24,RENT,1
47,53235.09,19131.31,543,0.372,36,17,1,48,MORTGAGE,1
32,75201.27,11867.74,603,0.372,27,6,0,12,MORTGAGE,1
68,48913.8,8588.16,705,0.295,17,12,0,24,OWN,0
24,50722.89,8833.24,749,0.191,12,2,0,24,OWN,0
68,35455.08,10694.64,760,0.347,16,15,0,36,MORTGAGE,0
59,75343.55,15150.6,692,0.358,12,0,0,24,RENT,0
62,39669.59,16183.67,643,0.442,10,13,0,36,MORTGAGE,1
62,61995.44,13474.24,714,0.454,5,4,0,12,RENT,0
30,53573.68,11613.44,558,0.363,22,9,1,60,MORTGAGE,1
66,33944.34,12188.77,502,0.514,8,1,0,24,RENT,1
50,42817.94,35061.8,685,0.294,5,13,1,60,MORTGAGE,0
68,82657.44,8834.2,570,0.133,11,9,1,12,OWN,1
64,59033.15,10536.22,645,0.422,31,13,0,60,OWN,0
49,34816.99,41350.83,660,0.369,22,6,1,48,OWN,1
39,61106.57,18368.11,670,0.425,19,0,1,24,RENT,0
26,52077.72,3960.15,725,0.16,23,11,0,48,MORTGAGE,0
25,124080.93,21741.5,717,0.619,22,13,0,48,MORTGAGE,0
40,60702.48,7719.69,666,0.457,19,13,0,48,OWN,1
60,47387.5,22272.49,615,0.307,33,5,0,60,RENT,1
45,83400.56,13312.3,659,0.21,29,14,1,60,MORTGAGE,0
44,18179.28,11481.63,602,0.512,7,10,1,12,OWN,1
32,56886.4,27873.32,634,0.185,32,4,0,24,MORTGAGE,1
48,94888.57,19531.21,850,0.689,7,2,0,12,RENT,0
52,52676.01,22783.92,665,0.258,3,6,0,12,OWN,0
69,20333.98,18479.36,686,0.608,16,0,0,12,OWN,1
56,47081.64,11444.44,594,0.322,15,14,2,48,MORTGAGE,1
50,84090.36,19890.84,732,0.587,31,0,0,48,RENT,0
65,62521.39,24673.72,711,0.24,27,0,0,12,OWN,0
41,38222.88,16077.9,711,0.353,2,3,0,36,MORTGAGE,0
66,41295.14,29413.14,667,0.471,19,6,1,12,OWN,0
39,43805.99,21803.9,733,0.449,31,0,0,12,OWN,0
27,62223.96,16695.86,752,0.515,29,12,0,12,RENT,0
41,81763.92,17011.89,673,0.277,20,2,3,36,OWN,0
27,76048.46,16097.9,641,0.363,24,16,0,12,MORTGAGE,0
26,64120.24,4990.09,722,0.537,22,11,0,48,OWN,0
64,28367.1,14279.42,578,0.244,9,1,1,60,RENT,1
59,28441.35,16769.49,593,0.436,22,8,1,60,OWN,1
31,65665.04,11671.32,646,0.317,27,2,0,60,OWN,0
62,28090.58,17701.42,511,0.381,2,19,0,48,MORTGAGE,1
24,50488.66,15170.46,716,0.363,27,11,0,60,RENT,0
34,61083.01,21189.54,573,0.232,9,16,2,60,MORTGAGE,1
55,32248.12,20304.9,612,0.311,0,7,0,24,MORTGAGE,1
35,34514.75,16337.23,633,0.372,30,2,1,48,MORTGAGE,1
56,53117.58,4062.3,653,0.335,15,4,1,24,OWN,0
63,65073.01,29325.78,623,0.586,16,8,0,60,OWN,1
24,76230.38,13864.87,645,0.501,24,15,0,12,OWN,0
22,67141.07,14352.91,645,0.393,22,8,0,36,MORTGAGE,0
67,56473.13,12259.83,614,0.236,24,18,0,24,RENT,0
46,40076.1,11092.71,588,0.226,37,7,1,60,OWN,0
45,33581.86,27352.46,737,0.646,26,4,0,24,RENT,0
43,44782.46,26088.35,482,0.199,1,9,0,60,OWN,1
42,63198.71,18555.15,634,0.367,8,2,1,36,MORTGAGE,0
54,61732.47,14140.0,612,0.404,17,13,0,48,MORTGAGE,0
49,13001.96,19952.94,684,0.303,18,2,1,36,RENT,0
29,39286.46,15590.38,534,0.2,14,12,0,36,OWN,1
51,79090.15,13478.22,610,0.232,7,7,0,24,RENT,1
53,56584.3,17704.85,642,0.268,4,7,0,24,OWN,0
26,26659.82,11470.74,736,0.244,5,12,4,48,RENT,0
39,102116.42,17018.11,677,0.549,38,14,0,24,MORTGAGE,0
59,54421.17,16633.77,555,0.349,15,18,1,60,OWN,0
51,62686.68,19823.49,611,0.271,38,5,1,12,RENT,1
27,62990.5,10046.9,721,0.366,13,16,0,24,MORTGAGE,0
22,47648.09,20681.09,554,0.45,12,16,0,12,MORTGAGE,1
49,40448.53,7749.51,644,0.298,19,19,1,60,OWN,1
43,97433.5,10419.47,649,0.485,37,19,0,36,OWN,0
68,75064.12,10768.6,619,0.159,22,15,0,12,RENT,0
46,71438.74,6423.59,850,0.526,1,5,0,12,OWN,0
66,66525.78,23125.3,617,0.349,10,13,1,60,MORTGAGE,1
31,34933.65,7247.58,686,0.343,39,15,1,60,MORTGAGE,0
42,80550.6,9408.67,589,0.246,6,5,0,24,MORTGAGE,1
27,38137.35,25043.26,692,0.166,33,16,1,48,RENT,0
49,60665.74,10435.34,720,0.1,37,14,0,24,MORTGAGE,0
30,22212.2,13494.86,603,0.236,8,9,0,60,RENT,1
45,14182.82,6903.77,646,0.438,22,17,1,48,RENT,1
37,61365.82,21663.61,578,0.206,23,1,0,36,OWN,0
30,38818.01,21773.89,558,0.118,31,13,1,60,OWN,1
25,15216.65,20911.57,733,0.214,31,15,0,24,RENT,0
46,65812.19,19300.24,606,0.292,2,0,0,60,RENT,1
67,97401.62,15588.71,457,0.298,12,8,0,24,RENT,1
30,82791.21,10804.99,791,0.331,37,10,1,60,OWN,0
40,49853.64,8480.25,586,0.505,14,4,2,60,MORTGAGE,1
32,55176.91,25319.24,630,0.537,9,17,0,36,MORTGAGE,1
60,72754.13,21118.43,781,0.651,25,12,0,12,RENT,0
41,77442.56,9453.57,639,0.106,7,5,1,48,RENT,0
68,48129.29,15318.65,637,0.222,5,8,0,48,OWN,0
33,55683.55,12599.08,552,0.455,31,2,1,60,MORTGAGE,1
24,61012.3,5974.31,519,0.282,4,1,1,24,RENT,1
49,66077.53,16421.21,637,0.479,35,14,0,24,OWN,1
52,52338.47,11676.06,679,0.381,9,19,1,24,RENT,0
69,52598.3,7379.71,674,0.587,4,5,0,24,OWN,1
63,82596.65,3166.94,611,0.506,29,4,0,12,OWN,0
64,79190.41,2489.57,652,0.509,7,13,2,12,RENT,1
52,64548.21,12028.59,503,0.288,14,10,0,36,MORTGAGE,1
38,89382.18,14319.24,687,0.335,14,2,0,60,MORTGAGE,0
42,47271.08,7997.59,663,0.304,20,13,0,12,OWN,0
27,87459.47,20205.92,808,0.124,18,4,0,24,MORTGAGE,0
42,65850.31,14475.63,651,0.571,7,2,0,60,RENT,1
38,120420.52,19615.08,575,0.462,9,9,0,12,MORTGAGE,0
22,31150.36,13536.71,646,0.298,7,14,0,12,OWN,1
31,41213.09,8703.06,624,0.546,2,10,0,60,OWN,1
47,63375.96,15912.94,685,0.255,26,12,1,24,OWN,0
39,62944.68,4898.6,652,0.074,18,4,1,24,OWN,0
69,94002.78,19315.51,549,0.501,4,9,2,12,OWN,1
44,41632.51,7502.81,519,0.158,13,14,0,36,MORTGAGE,1
67,73098.37,22345.86,671,0.321,26,10,1,60,RENT,0
53,78249.26,12292.35,761,0.381,11,4,1,60,MORTGAGE,0
22,69092.96,23500.27,656,0.408,16,19,0,48,RENT,0
30,35780.07,6019.01,715,0.477,29,1,1,48,RENT,1
55,83155.18,9577.84,731,0.437,26,18,0,48,OWN,0
47,79586.5,18047.48,671,0.432,28,14,0,48,OWN,0
35,66991.69,24363.98,585,0.231,15,2,1,36,OWN,1
46,59086.95,28332.87,666,0.394,19,5,0,24,RENT,0
65,59522.16,15330.93,747,0.124,33,7,1,60,MORTGAGE,0
40,53425.28,29701.97,692,0.584,34,19,0,60,OWN,1
23,67815.7,12682.68,710,0.14,2,10,1,12,OWN,0
36,55622.7,23790.14,613,0.298,33,5,0,12,MORTGAGE,0
66,38029.5,7462.55,634,0.152,35,18,0,48,MORTGAGE,0
58,34028.17,18361.6,641,0.24,37,2,0,12,OWN,0
62,39959.27,1000.0,646,0.352,10,16,1,60,OWN,1
65,59442.64,6027.27,743,0.271,20,16,0,60,RENT,0
26,54460.88,18733.41,462,0.522,1,7,0,12,OWN,1
34,59306.88,4500.49,652,0.384,4,0,0,48,RENT,1
23,65016.26,18415.6,644,0.281,22,17,1,12,OWN,0
21,42453.58,22251.66,540,0.33,8,19,1,24,OWN,1
61,84313.2,10989.44,704,0.533,8,7,2,36,RENT,0
66,49645.78,7248.38,592,0.486,11,3,0,48,OWN,1
28,46331.46,11206.51,621,0.179,18,5,1,12,MORTGAGE,1
56,64647.72,7273.5,798,0.248,6,2,0,12,OWN,0
47,18269.8,14190.29,731,0.421,32,12,2,24,OWN,0
24,39189.31,15816.72,696,0.403,26,10,1,48,OWN,0
65,74621.46,12551.92,680,0.192,31,7,1,36,OWN,0
63,20251.56,28394.87,637,0.462,37,13,1,24,RENT,1
48,77351.48,9244.77,810,0.216,24,12,0,12,OWN,0
55,85222.73,26131.47,714,0.546,14,0,1,60,RENT,0
40,47610.89,6670.09,590,0.429,39,8,0,48,MORTGAGE,0
59,60836.26,15582.22,538,0.18,22,17,0,60,OWN,1
42,77381.74,24464.84,695,0.271,18,15,0,36,RENT,0
69,45664.22,24050.86,646,0.268,16,17,0,60,OWN,0
24,72355.51,11637.94,536,0.374,1,19,1,48,MORTGAGE,1
29,41577.02,19440.56,684,0.319,38,1,1,36,MORTGAGE,0
68,45447.95,18369.43,628,0.178,32,5,2,36,RENT,0
35,39013.27,10680.49,692,0.141,27,9,0,36,RENT,0
36,61852.94,19927.6,685,0.432,8,10,1,36,RENT,1
59,78159.38,29899.94,601,0.393,37,15,0,48,OWN,1
30,51317.74,18773.61,701,0.366,7,14,0,36,MORTGAGE,0
46,29575.02,19530.85,610,0.391,9,14,0,60,MORTGAGE,1
35,33345.86,20377.24,615,0.257,2,3,3,60,RENT,1
30,62891.99,3312.19,607,0.378,11,13,1,36,RENT,0
68,91882.33,18681.8,740,0.731,13,15,1,24,OWN,0
30,62874.5,6865.92,628,0.526,31,15,0,48,OWN,0
25,47262.07,10280.9,760,0.307,13,11,1,48,OWN,0
54,70323.68,32295.53,793,0.271,38,1,0,24,OWN,0
63,50210.03,12973.91,591,0.0,12,2,0,60,MORTGAGE,0
27,47434.3,9078.61,416,0.51,20,14,0,48,OWN,1
55,35830.82,24220.66,734,0.468,23,17,3,48,MORTGAGE,1
47,83168.98,7418.58,623,0.268,33,16,1,48,MORTGAGE,0
61,12000.0,11420.65,581,0.135,30,8,0,24,OWN,0
27,70957.18,24992.42,603,0.177,34,11,1,48,MORTGAGE,0
68,45725.1,15342.14,617,0.417,37,3,0,12,MORTGAGE,1
51,46793.19,2507.22,754,0.337,4,11,0,48,RENT,0
62,88846.3,19351.92,663,0.454,3,3,1,36,RENT,0
38,40717.38,11828.27,753,0.363,17,15,0,36,RENT,0
67,41398.62,27318.81,690,0.495,6,15,1,48,OWN,1
51,52392.12,10150.5,625,0.405,19,1,0,24,MORTGAGE,0
27,63276.95,23409.81,619,0.474,23,18,0,48,MORTGAGE,1
66,46162.88,29205.58,695,0.037,11,15,0,12,OWN,0
59,23522.82,8192.45,716,0.165,3,7,0,48,MORTGAGE,0
35,37686.04,13454.3,730,0.295,38,9,1,48,RENT,0
47,80626.68,18109.0,629,0.512,14,1,0,12,OWN,1
40,56495.54,8141.23,664,0.632,33,18,2,48,OWN,1
47,64021.75,17162.36,697,0.325,24,2,0,48,MORTGAGE,0
68,49771.58,13200.64,619,0.258,26,18,0,36,MORTGAGE,1
65,41810.05,13039.46,559,0.057,31,13,0,48,OWN,1
31,88551.39,15391.51,585,0.48,10,18,0,12,OWN,1
68,51236.16,15570.12,631,0.267,8,7,1,60,MORTGAGE,0
42,46132.6,16311.05,703,0.794,39,17,0,60,OWN,0
55,76922.85,10209.39,751,0.239,26,8,0,48,RENT,0
58,40552.79,10558.63,542,0.666,11,7,0,12,OWN,1
44,43105.45,14051.3,602,0.462,25,6,0,36,OWN,1
43,55204.93,14641.94,621,0.196,15,19,1,60,OWN,1
43,55005.4,11489.21,714,0.385,34,9,0,48,MORTGAGE,0
63,60192.23,17591.52,608,0.466,20,9,1,60,OWN,1
39,96833.38,1000.0,616,0.316,12,12,0,48,RENT,0
34,61724.96,9156.27,537,0.476,27,11,0,48,OWN,1
38,12000.0,12760.58,689,0.472,30,10,0,24,OWN,0
30,61525.98,8151.08,637,0.439,14,7,0,60,RENT,0
40,55757.6,28033.58,598,0.348,30,3,0,36,MORTGAGE,1
26,55869.0,15150.89,629,0.174,9,19,1,60,RENT,0
25,59918.95,16414.16,740,0.338,9,9,0,24,OWN,0
56,54426.43,11134.15,570,0.376,33,19,0,24,MORTGAGE,0
24,53947.76,14873.77,583,0.069,24,9,0,12,RENT,0
48,67260.88,5277.97,750,0.375,1,11,0,48,OWN,0
59,44158.38,13641.46,656,0.335,27,10,0,48,RENT,0
56,36046.27,7503.93,704,0.156,12,19,0,24,OWN,0
42,115475.63,12780.77,682,0.3,10,2,1,24,RENT,0
30,40682.85,1000.0,647,0.303,16,10,0,36,MORTGAGE,0
66,57002.86,5975.97,622,0.64,18,3,0,48,RENT,1
61,25086.79,26711.41,717,0.383,35,17,0,24,OWN,0
50,57329.37,21643.18,743,0.505,17,10,0,36,RENT,0
25,36335.49,25552.31,737,0.332,11,18,0,12,OWN,0
22,46150.54,26101.77,555,0.069,30,5,2,60,MORTGAGE,1
36,75901.29,20383.9,754,0.451,21,3,0,60,MORTGAGE,0
28,64440.19,11377.05,621,0.251,0,12,0,48,RENT,0
63,66368.19,6701.99,590,0.3,25,2,0,60,MORTGAGE,0
31,19575.9,24173.96,636,0.192,20,7,1,48,MORTGAGE,0
34,91737.9,15516.54,716,0.361,22,6,0,60,OWN,0
68,31162.37,34952.18,693,0.51,7,4,0,36,MORTGAGE,1
61,85571.22,12079.22,630,0.49,19,2,0,24,RENT,0
31,75430.88,30783.17,717,0.588,25,13,0,60,RENT,0
39,66546.65,13745.67,661,0.609,27,15,0,12,MORTGAGE,0
46,37900.3,25688.39,604,0.043,27,7,1,36,MORTGAGE,1
53,58031.8,28573.53,593,0.171,39,5,0,48,MORTGAGE,0
66,45581.57,6816.4,683,0.079,20,3,0,48,RENT,0
63,55580.79,11120.02,643,0.445,17,13,1,48,RENT,0
68,50002.55,6736.17,540,0.246,21,16,0,36,OWN,1
22,14227.79,5160.44,718,0.277,13,10,0,60,RENT,0
32,77435.68,20336.53,612,0.318,12,8,0,24,MORTGAGE,1
48,53377.86,13426.97,777,0.407,27,12,0,12,MORTGAGE,0
23,45303.99,15418.93,538,0.127,12,18,0,48,MORTGAGE,1
38,43793.46,19449.91,636,0.161,29,19,0,24,MORTGAGE,0
28,62169.19,1000.0,594,0.35,29,3,0,36,RENT,0
66,37124.87,25294.13,572,0.53,38,9,0,36,MORTGAGE,1
24,12000.0,12207.25,611,0.346,5,17,1,24,RENT,1
28,63142.6,19259.21,792,0.231,14,12,0,60,RENT,0
30,65382.06,19965.7,661,0.028,30,16,2,24,RENT,0
28,51007.36,25966.37,587,0.493,17,19,1,48,MORTGAGE,1
48,32041.94,14161.14,504,0.24,26,2,1,12,MORTGAGE,1
38,56778.71,1000.0,512,0.178,29,12,1,60,OWN,1
65,25709.35,15457.02,607,0.093,35,10,0,60,RENT,0
33,34455.39,16605.65,599,0.134,9,5,1,12,OWN,1
47,39986.04,6725.91,632,0.206,10,13,0,48,OWN,1
53,71878.78,16179.93,468,0.314,18,2,0,36,OWN,1
51,47747.78,12111.85,643,0.169,20,9,0,12,OWN,1
60,46042.67,4257.97,732,0.378,36,8,0,48,RENT,0
30,94093.85,20371.88,780,0.313,1,7,0,48,OWN,0
45,62049.25,10490.2,498,0.683,9,12,0,60,MORTGAGE,1
60,61779.89,11748.97,586,0.094,36,18,0,48,OWN,0
63,47605.99,11299.37,582,0.374,24,18,1,48,RENT,1
51,43072.57,24883.83,662,0.376,27,14,0,48,OWN,0
52,12000.0,14672.67,552,0.195,9,6,0,48,OWN,1
63,74374.81,15632.8,785,0.364,24,19,0,36,OWN,0
51,63966.19,11474.91,653,0.465,14,19,2,48,OWN,1
67,51416.68,18702.93,640,0.364,29,16,1,12,OWN,0
27,52255.47,25794.54,777,0.558,3,17,0,48,RENT,0
38,69722.89,20182.89,649,0.023,11,16,0,24,OWN,0
26,23905.8,20494.94,682,0.224,25,15,1,36,RENT,0
25,43202.37,19849.84,590,0.571,24,14,0,48,OWN,1
44,32273.94,3958.06,540,0.487,33,12,1,12,OWN,1
32,90430.19,7991.05,601,0.431,32,12,2,48,OWN,1
40,72513.11,13360.1,825,0.535,0,7,0,24,OWN,0
42,12000.0,9193.09,701,0.063,3,17,0,48,MORTGAGE,0
51,24724.77,6483.7,672,0.469,14,12,1,48,RENT,1
67,52353.09,1000.0,572,0.51,38,12,0,12,OWN,0
62,45551.2,4227.77,723,0.251,19,14,3,24,OWN,0
39,28512.36,12947.8,541,0.744,35,1,0,60,OWN,1
36,93895.24,14444.59,525,0.379,2,18,1,24,OWN,1
58,61250.8,8655.57,605,0.021,38,11,0,36,RENT,0
27,64496.33,15631.4,806,0.407,2,18,0,12,RENT,0
47,41159.7,11529.33,802,0.242,32,2,1,48,RENT,0
41,69445.48,23724.59,614,0.525,35,4,0,12,RENT,1
29,47391.34,13706.99,596,0.432,11,18,0,24,MORTGAGE,1
51,49333.14,20570.65,519,0.26,12,13,0,36,RENT,1
36,67220.04,16625.71,656,0.575,23,12,1,48,MORTGAGE,0
30,22420.05,3783.43,663,0.491,28,8,0,36,MORTGAGE,0
53,86940.56,14274.73,713,0.226,4,11,0,60,RENT,0
29,58647.78,5115.01,723,0.327,9,10,0,36,OWN,0
53,80618.88,14135.03,634,0.428,30,3,0,24,OWN,0
28,33491.6,9038.95,694,0.295,32,11,1,12,OWN,0
42,36536.7,18055.7,594,0.3,6,10,0,48,OWN,1
60,31762.0,4261.17,693,0.356,35,6,0,36,OWN,0
32,60005.95,15117.61,609,0.19,34,6,2,48,MORTGAGE,0
58,56319.67,19579.32,687,0.015,34,15,0,24,OWN,0
56,45711.76,22260.76,680,0.386,9,13,0,24,RENT,0
65,34718.62,8886.66,656,0.052,26,9,2,36,OWN,0
29,29668.07,15142.01,714,0.201,6,12,1,24,MORTGAGE,0
56,54030.32,16473.18,524,0.084,7,4,0,60,MORTGAGE,1
66,45688.26,27377.01,565,0.103,2,9,0,48,RENT,0
58,41287.86,3149.36,628,0.414,19,11,1,60,OWN,0
30,85941.79,7711.18,535,0.317,28,5,0,24,MORTGAGE,0
61,53353.49,37435.7,617,0.311,7,3,0,12,RENT,1
26,80400.86,12815.22,620,0.153,7,10,0,12,RENT,0
49,44334.96,1000.0,755,0.252,11,18,1,60,RENT,0
45,59895.53,10339.6,661,0.406,7,9,1,60,RENT,1
47,53890.48,1000.0,732,0.342,33,18,0,48,MORTGAGE,0
46,21047.55,16927.37,674,0.473,6,17,2,36,RENT,0
22,83566.77,21478.28,607,0.495,11,14,0,24,RENT,0
45,52296.93,7706.7,661,0.312,12,17,0,48,RENT,0
66,69928.36,11234.21,708,0.072,8,8,1,36,OWN,0
42,39959.43,22389.23,745,0.237,37,15,1,48,MORTGAGE,0
34,51703.11,1000.0,639,0.335,8,2,0,12,RENT,0
69,37662.95,4427.43,518,0.234,19,6,0,36,OWN,1
25,79719.97,13175.08,513,0.192,22,11,1,48,OWN,1
44,61228.19,8981.32,624,0.36,10,0,1,48,RENT,1
46,62341.07,12649.06,463,0.715,18,15,2,12,RENT,1
44,82163.68,4890.0,794,0.277,6,18,1,12,MORTGAGE,0
66,78126.83,16714.51,698,0.35,19,2,0,60,RENT,0
41,70306.85,13806.14,599,0.153,0,19,1,24,RENT,0
68,26565.45,19393.52,561,0.537,17,1,0,36,OWN,1
24,41086.42,16603.2,732,0.481,14,2,0,48,RENT,0
56,34922.24,16653.52,561,0.471,14,15,1,36,RENT,1
50,69550.67,3429.54,569,0.554,4,13,1,60,RENT,0
32,58413.04,18940.73,589,0.286,39,18,0,60,OWN,0
32,27189.75,12353.07,659,0.305,1,8,1,24,OWN,1
56,51225.12,13667.21,700,0.606,5,11,1,12,RENT,0
52,25117.75,23386.12,745,0.445,4,2,2,60,MORTGAGE,1
50,53936.87,9244.52,734,0.017,39,13,1,48,RENT,0
23,21892.55,25809.47,650,0.418,12,19,0,48,RENT,1
50,65576.55,26555.8,732,0.263,17,11,0,36,RENT,0
69,62559.25,21022.28,596,0.485,30,18,1,36,MORTGAGE,0
21,93158.97,7155.03,504,0.411,2,7,0,12,OWN,1
43,71957.47,1000.0,596,0.089,2,19,0,36,RENT,0
45,46541.71,23630.68,585,0.39,7,10,0,36,RENT,1
64,71361.4,15891.08,599,0.382,27,2,1,12,RENT,1
34,27046.72,9038.42,573,0.405,39,7,1,48,OWN,1
44,35750.55,24388.5,613,0.436,24,9,0,48,MORTGAGE,1
56,61662.85,8107.53,700,0.574,34,1,0,60,OWN,0
23,12000.0,11606.76,787,0.412,35,17,0,12,MORTGAGE,0
60,54256.78,19199.12,512,0.353,11,4,0,24,RENT,1
61,34594.73,6091.18,547,0.522,7,13,0,36,OWN,1
56,57026.14,14124.15,587,0.686,6,18,0,60,MORTGAGE,1
52,33445.27,23713.1,711,0.487,31,8,1,24,RENT,0
57,63484.96,16688.89,634,0.381,26,12,0,60,OWN,0
59,55386.55,24979.41,592,0.415,34,10,0,60,RENT,1
65,83007.32,24068.82,707,0.388,20,15,1,12,MORTGAGE,0
41,55134.69,15061.91,727,0.353,39,0,1,24,MORTGAGE,0
43,39627.14,1000.0,648,0.675,35,7,1,24,OWN,1
52,50062.28,6153.82,585,0.238,32,12,0,36,OWN,1
30,28115.27,21106.67,672,0.523,32,1,0,60,MORTGAGE,1
62,63122.75,2597.99,631,0.331,4,17,0,24,OWN,0
58,66797.0,12386.46,631,0.128,29,12,1,48,MORTGAGE,0
51,104383.92,17707.84,609,0.322,37,0,0,12,RENT,0
35,42563.28,26756.57,724,0.268,11,0,0,36,MORTGAGE,1
38,49644.11,10399.84,670,0.437,32,3,0,24,MORTGAGE,0
42,43484.83,9852.1,733,0.364,14,13,1,60,MORTGAGE,0
53,59242.27,14580.43,757,0.197,8,10,2,48,RENT,0
